{
    "keywords": "2010-2022_Geography_MCQs",
    "example": [
        {
            "year": "2011",
            "category": "（新课标）",
            "question": "日本某汽车公司在中国建有多个整车生产厂和零件生产厂．2011 年 3 月 11 日东\n日本大地震及随后的海啸、核辐射灾难，使该公司在灾区的工厂停产．受其\n影响，该公司在中国的整车生产厂也被迫减产．据此完成 1～2 题．\n1．（4 分）该公司在中国建零部件生产厂，主要目的是（ ） A．避免自然灾害对本土汽车生产的影响\nB．为其中国整车厂配套，降低整车生产成本\nC．利用中国廉价劳动力，为其日本整车厂服务\nD．建立其全球整车生产的零部件工业基地\n2．（4 分）中国整车生产厂被迫减产是由于该公司在灾区有（ ） A．研发中心 B．一般零部件厂 C．核心零部件厂 D．整车厂\n",
            "answer": [
                "B",
                "C"
            ],
            "analysis": "解：由题，在中国建零部件厂发生在地震之前，A 不正确；中国的整车\n生产使用中国生产的配件，减少运费，成本降低，B 正确；汽车制造厂是资\n金与技术导向型工业，而不是劳动力导向型工业，C 不正确；中国生产的零\n部件主要是供应中国的整车生产，D 不正确。\n故选：B。\n解：由题，由于技术保密等原因，部分核心零部件与主要研发机构仍在\n日本，所以地震造成这些零部件厂停产，中国的整车生产自然被迫减产。\n故选：C。\n",
            "index": 0,
            "score": 4
        },
        {
            "year": "2011",
            "category": "（新课标）",
            "question": "第二次世界大战后，美国通过大量技术投入和大规模专业化生产，成为世界最大\n的大豆生产国和出口国．巴西自 20 世纪 70 年代开始种植大豆，在积极培育\n优良品种的同时，鼓励农民组建农场联合体，实现了大豆的规模化生产与经\n营．目前，巴西的大豆产量、出口量仅次于美国．中国曾是世界最大的大豆\n生产国和出口国，近些年大豆的质量下降（品种退化，出油率低），生产成\n本较高，成为世界最大的大豆进口国．据此完成 3～5 题．\n3．（4 分）巴西大豆总产量增加的潜力大于美国，主要是因为巴西（ ） A．技术力量较雄厚 B．气候条件较优越\nC．可开垦的土地资源较丰富 D．劳动力较充足\n4．（4 分）在国际市场上，巴西大豆价格低于美国的主要原因是巴西（ ） A．专业化水平较高 B．科技投入较大\nC．劳动生产率较高 D．劳动力价格较低\n5．（4 分）中国要提高大豆质量需（ ） A．加大科技投入 B．扩大种植面积\nC．增加劳动力投入 D．加大化肥使用量\n",
            "answer": [
                "C",
                "D",
                "A"
            ],
            "analysis": "解：巴西位于低纬度地区，境内有大面积的热带雨林和热带草原气候区\n，其中不少地区的土地资源目前开发利用程度还较低，今后可以开垦种植大\n豆，因此随着大豆种植面积的增加，巴西大豆总产量增加的潜力大于美国。\n故选：C。\n解：巴西是经济发展水平较低的发展中国家，劳动力价格较低，从而在\n国际市场上大豆的价格低于美国。\n故选：D。\n解：根据题意，中国的大豆近些年大豆的质量下降（品种退化，出油率\n低），生产成本较高，可见，加大科技投入，改良品种，提高出油率，是提\n高大豆质量的主要途径。\n故选：A。\n",
            "index": 1,
            "score": 4
        },
        {
            "year": "2012",
            "category": "（新课标）",
            "question": "随着工业化、城市化的飞速发展，耕地不断被挤占，但 2004 年以来，我国粮食\n总量仍连续增长．据此完成 1～3 题．\n1．（4 分）近年来，我国粮食总产量连续增长的主要原因是（ ） A．扩大了粮食播种面积 B．加大了农业科技投入\nC．改进了农田水利设施 D．完善了粮食流通体系\n2．（4 分）改革开放以来，下列粮食主要产区在全国商品粮食生产中的地位下\n降最为显著的是（ ） A．太湖平原 B．洞庭湖平原 C．汉江平原 D．成都平原\n3．（4 分）河南省和黑龙江省都是我国产粮大省．两省相比，黑龙江省粮食商\n品率高的主要原因是（ ） A．耕地面积广 B．生产规模大 C．机械化水平高 D．人口较少\n",
            "answer": [
                "B",
                "A",
                "D"
            ],
            "analysis": "解：近年来，我国粮食总产量连续增长的主要原因是加大了农业科技投\n入。\n故选：B。\n解：改革开放以来，位于长三角地区的太湖平原，工业化、城市化发展\n速度快，水平较高，大量耕地被占用为建设用地，因而在全国商品粮食生产\n中的地位下降最为显著。\n故选：A。\n解：河南省是我国产粮大省同时也是我国人口大省，黑龙江省粮食商品\n率高的主要原因是地广人稀，人口相对较少。\n故选：D。\n",
            "index": 2,
            "score": 4
        },
        {
            "year": "2013",
            "category": "（新课标ii）",
            "question": "地膜覆盖具有保温、保湿、保土等作用，可有效提高农作物产量和农产品质量．\n我国目前使用的地膜多是超薄型地膜，易破，难回收，难以自然降解，易造\n成严重的“白色污染”．据此完成 3～5 题．\n3．（4 分）我国大部分地区使用地膜覆盖主要在（ ）A．春季 B．夏季 C．秋季 D．冬季\n4．（4 分）下列地区相比较，地膜覆盖的保温、保湿、保土作用最显著的是（ ） A．东南沿海地区 B．西南地区 C．东北地区 D．西北地区\n5．（4 分）残留在土壤中的地膜会（ ）\n①危害作物根系发育\n②阻碍土壤温度提升\n③阻碍土壤水肥运移\n④加快表土流失速度．\nA．①③ B．①④ C．②③ D．②④\n",
            "answer": [
                "A",
                "D",
                "A"
            ],
            "analysis": "解：我国以季风气候为主，春季雨水少、气温较高、蒸发强，故我国大\n部分地区使用地膜的时间为春节。\n故选：A。\n解：“地膜覆盖的保温、保湿、保土作用最显著”说明该地区相对干燥且\n气温偏低、水肥流失容易（如蒸发旺盛），从以上考虑，西北地区最合适。\n故选：D。\n解：残留地膜在土壤中形成隔层，阻碍作物根系对水肥的吸收和生长发\n育，引起农作物的减产。\n故选：A。\n",
            "index": 3,
            "score": 4
        },
        {
            "year": "2014",
            "category": "（新课标ii）",
            "question": "降水在生态系统中被分为蓝水和绿水．蓝水是形成径流的部分（包括地表径流和\n地下径流）；绿水是被蒸发（腾）的部分，其中被植物蒸腾的部分称为生产\n性绿水，被蒸发的部分被称为非生产性绿水．据此完成 6～7 题．\n6．（4 分）下列河流中，绿水比例最大的是（ ） A．塔里木河流域 B．长江流域\nC．雅鲁藏布江流域 D．黑龙江流域\n7．（4 分）在干旱和半干旱地区，下列措施中，使绿水中生产性绿水比重提高\n最多的是（ ） A．水田改旱地 B．植树造林\nC．覆膜种植农作物 D．修建梯田\n",
            "answer": [
                "A",
                "C"
            ],
            "analysis": "解：内流区气候干旱，降水少，降水后形成的径流量相对较少，并主要\n以蒸发和蒸腾的形式返回大气，因而内流河的绿水比例相对外流河更大些。\n四条河流中，只有塔里木河属于内流河。\n故选：A。\n解：减少水分蒸发量，即增加了绿水中生产性绿水的比重。\nA、水田改旱地，会增大水分的蒸发，使生产性绿水比重下降，故不符合题意。 B、植树造林不符合干旱半干旱地区的发展模式，故不符合题意。\nC、覆膜种植农作物会起到保温，保湿的作用，对减少干旱、半干旱地区水分的\n蒸发是非常有效的措施，故符合题意。\nD、修建梯田的主要作用是减少地表径流，会减少蓝水的比重，并且不符合干旱\n、半干旱地区的农业发展原则，故不符合题意。\n故选：C。\n",
            "index": 4,
            "score": 4
        },
        {
            "year": "2014",
            "category": "（新课标i）",
            "question": "人类活动导致大气中含氮化合物浓度增加，产生沉降，是新出现的令人担忧的全\n球变化问题．一科研小组选择受人类干扰较小的某地，实验模拟大气氮沉降\n初期对植被的影响．实验地植被以灌木植物为主，伴生多年生草本植物．如\n表数据为实验地以 2009 年为基数，2010﹣2013 年实验中植被的变化值（测量\n时间为每年 9 月 30 日）．据此完成 7﹣9 题．\n 年份 2009 2010 2011 2012 2013\n灌木植物 1 1.00 1.00 1.00 1.00 植株数量\n草本植物 1 1.18 1.20 1.21 1.23\n灌木植物 1 1.09 1.10 1.12 1.11 地上生物量\n草本植物 1 1.47 1.55 1.52 1.53\n灌木植物 1 1.01 0.99 0.98 0.97 地下生物量\n草本植物 1 1.21 1.29 1.42 1.58\n7．（4 分）实验期间植被变化表现为（ ）\n①生物量提高 ②生物量降低 ③植株密度改变 ④植被分布改变．\nA．①③ B．②③ C．①④ D．②④\n8．（4 分）实验期间大气氮沉降导致灌木、草本两类植物出现此消彼长竞争的\n是（ ） A．植株数量 B．总生物量 C．地上生物量 D．地下生物量\n9．（4 分）根据实验结果推测，随着大气氮沉降的持续，植被未来变化趋势是（）A．灌木植物和草本植物繁茂\nB．灌木植物和草本植物萎缩\nC．灌木植物茂盛、草本植物萎缩\nD．灌木植物萎缩、草本植物茂盛\n",
            "answer": [
                "A",
                "D",
                "D"
            ],
            "analysis": "解：①生物量提高正确，因为总体而言，植株的数量增多了。故正确；\n②生物量降低错误，因为总体而言，植株的数量增多了。故不符合题意；\n③植株密度改变，总体的生物量增多，故正确；\n④根据数据分析，不能得到植被的分布发生了变化，故不符合题意。\n故选：A。\n解：A．植株数量，随着时间的变化灌木无变化，草本逐年增多，不符\n合此消彼长，故不符合题意；\n B．总生物量，是包括地上生物和地下生物，通过计算灌木变化较小，草本\n是逐年增多，故不符合题意；\n C．地上生物量，草本和灌木都是逐年增加，故不符合题意；\n D．地下生物量，灌木逐年减少，草本逐年增多，故正确。\n故选：D。\n解：实验地区本身是以灌木为主，草本植物较少，随着大气中含氮化合\n物浓度增加，产生沉降，导致草本植物越来越茂盛，那么相应的灌木会相应\n萎缩。\n故选：D。\n",
            "index": 5,
            "score": 4
        },
        {
            "year": "2015",
            "category": "（新课标ii）",
            "question": "桑基、蔗基、果基鱼塘是珠江三角洲地区传统的农业景观和被联合国推介的典型\n生态循环农业模式．改革开放以来，随着工业化和城镇化的快速发展，传统\n的基塘农业用地大部分变为建设用地，保留下来的基塘也变为以花基、菜基\n为主．据此完成 1～3 题．\n1．（4 分）该地基塘转变为建设用地对局地气候的影响是（ ） A．大气湿度增高 B．大气降水增多\nC．近地面风速增大 D．气温变率增大\n2．（4 分）农民用花基、菜基鱼塘取代桑基、蔗基鱼塘的直接目的是（ ） A．提高土壤质量 B．节省劳动力 C．促进生态循环 D．提高经济收入\n3．（4 分）桑基、蔗基鱼塘被保留的很少，反映了该生态循环农业模式（ ） A．与当地产业发展方向不一致 B．不具有在其他地区推广的价值\nC．与现代农业发展要求不相符 D．不适应当地水热条件的变化\n",
            "answer": [
                "D",
                "D",
                "A"
            ],
            "analysis": "解：“该地基塘转变为建设用地”表明下垫面发生变化，建设用地即比热\n容变小，升温快，降温亦快，温差变大。\n故选：D。\n解：花基、菜基等附加值更高，能够获取更高的经济收益。\n故选：D。\n解：自改革开放以来，珠江三角洲工业化、城镇化快速发展，产业结构\n发生重大变化，由原来以农业为主的经济结构逐渐转变为以工业为主的经济\n结构，传统的基塘农业与当地产业发展方向不一致，导致大部分湿地变为建\n设用地。\n故选：A。\n",
            "index": 6,
            "score": 4
        },
        {
            "year": "2016",
            "category": "（新课标iii）",
            "question": "目前，我国为保护棉农利益，控制国际棉花进口，国内的棉花价格约比国际市场 高 ；我国纺织行业工人工资一般为美国的 ，是越南、巴基斯坦等国的 3 倍．我国一些纺织企业为利用国际市场棉花，在国外建纺纱厂，并将产品（纱 线）运回国内加工，在我国同行业企业纷纷到越南、巴基斯坦等国建厂的情 况下，总部位于杭州的 K 企业独自在美国建纺纱厂．2015 年 4 月底，K 企业 在美国工厂生产的第一批 110 吨纱线运至杭州．据此完成 1～3 题． 1．（6 分）如果 K 企业将纺纱厂建在越南、巴基斯坦等国，利润比建在美国高， 最主要的原因是越南、巴基斯坦等国（ ） A．离原料产地较近 B．离消费市场较近 C．劳动生产率较高 D．劳动力价格较低 2．（6 分）K 企业舍弃越南、巴基斯坦等国而选择在美国建纺纱厂，考虑的主 要因素可能是（ ） A．原料价格 B．劳动力价格 C．投资环境 D．市场需求 3．（6 分）该案例表明，随着工业技术水平的提高，我国纺纱业已大幅度降低 了（ ） A．原料使用量 B．劳动力使用量 C．运输量 D．设备费用\n",
            "answer": [
                "D",
                "C",
                "B"
            ],
            "analysis": "1.【解答】解：材料“我国纺织行业工人工资一般为美国的 1/4，是越南、巴基斯坦 等国的 3 倍”，利润比建在美国高，说明主 要原因是在越南或者巴基斯坦建 厂，劳动力价格较低。 故选：D。\n2.【解答】解：A、美国棉花生产高度机械化，投入高，成本高，排除 A。 B、“我国纺织行业工人工资一般为美国的 1/4，是越南、巴基斯坦等国的 3 倍”， 说明越南、巴基斯坦等国的劳动力价格远低于美国，排除 B。 C、和越南、巴基斯坦等国相比，美国的政策、基础设施等投资环境更优，C 正 确。 D、从材料可知，我国在国外建的纺纱厂的市场主要是我国国内，排除 D。 故选：C。\n3.【解答】解：从在越南、巴基斯坦建厂，使用丰富廉价的劳动力，到在美国建厂， 并将产品（纱线）运回国内加工，且我国纺织行业工人工资一般为美国的 1/4，说明我国纺纱业已减少对劳动力数量的依赖。 故选：B。\n",
            "index": 7,
            "score": 4
        },
        {
            "year": "2016",
            "category": "（新课标iii）",
            "question": "与 2014 年相比，2015 年上海市的常住人口减少了 10.41 万人，外来常住人口更 是减少了 14.77 万人，这是近 20 年首次出现的人口负增长．调查发现减少的 外来常住人口主要流向上海周边的中小城市．上海市已制定“十三五”期间人 口增长由数量型向质量型转变的策略．据此完成 4～6 题． 4．（6 分）导致 2015 年上海市外来常住人口减少的主要原因是近年来上海市 （ ） A．产业转型升级 B．食品价格大增 C．环境质量下降 D．交通拥堵加重 5．（6 分）上海市减少的外来常住人口多流向周边中小城市，主要原因是这些 中小城市（ ） ①服务设施齐全 ②承接了上海市转移的产业③适宜就业机会多 ④生态环境好． A．①③ B．①④ C．②③ D．②④ 6．（6 分）今后，上海市引进产业从业人员将主要分布在（ ） A．资源密集型产业 B．劳动密集型产业 C．资金密集型产业 D．知识密集型产业\n",
            "answer": [
                "A",
                "C",
                "D"
            ],
            "analysis": "4.【解答】解：上海市经济发达，城市化水平高，转成以第三产业和高新技术产业 为主，即以知识密集型产业为主，要求从业人员具有较高水平和技能。导致 2015 年上海市外来常住人口减少的主要原因是近年来上海市产业转型升级。 故选：A。\n5.【解答】解：人口向周边中小城市转移，说明中小城市有较多的就业机会，同时 也说明了这些中小城市承接了从上海转移过来的劳动密集型产业。 故选：C\n6.【解答】解：今后，上海市以第三产业和高新技术产业为主，因此从业人员将主 要分布在技术知识密集型产业。 故选：D。\n",
            "index": 8,
            "score": 4
        },
        {
            "year": "2016",
            "category": "（新课标ii）",
            "question": "庄园经济是一种实现农业资源聚集化、生产规模化、经营多元化、管理企业化、\n建设生态化的经营组织模式．某县生产的优质铁观音茶获得“中国地理标志”\n认证．该县茶企业通过整合特色山水，建设集茶种植、茶叶加工储存、旅游\n和文化为一体的现代茶庄园．据此完成 1～2 题．\n1．（4 分）发展庄园经济的前提条件是当地拥有（ ） A．丰富廉价的劳动力 B．知名品牌的农产品\nC．发达便捷的交通网 D．高精尖的技术水平\n2．（4 分）与传统的茶园相比，现代茶庄园的突出优势是（ ） A．品牌更多，环境更优 B．市场更广，产品价格更低\nC．产品更多，效益更高 D．投入更少，生产成本更低\n",
            "answer": [
                "B",
                "C"
            ],
            "analysis": "解：由材料中“庄园经济是一种实现农业资源工业化的经营模式”，说明\n农业资源为关键，某县以获得“中国地理标志”标志认证的优质茶叶为中心，\n建设了现代茶庄园，说明农产品的知名度和质量是得到市场认可的前提，在\n此基础之上，才能扩大规模，加强农产品品牌建设，促进农产品的加工增值，\n提高农产品的市场竞争力，也才能用工业化理念谋划农业发展提高农业经济\n效益。而丰富廉价的劳动力、发达便捷的交通网、高精尖的技术水平是可以\n促进茶园发展的条件，而不是前提条件。\n故选：B。\n解：传统的茶园的产品主要以茶叶为主，现代茶庄园以茶为中心，延长\n茶的加工、储藏、销售等各环节，增加了产品种类，同时还结合当地的自然\n环境和茶文化发展旅游业，增加了农业的经济效益。\n故选：C。\n",
            "index": 9,
            "score": 4
        },
        {
            "year": "2016",
            "category": "（新课标ii）",
            "question": "在全球气候变暖的背景下，我国东北长白山高山苔原带矮小灌木的冻害反而加剧\n，调查发现，长白山雪期缩短；冻害与坡度密切相关，而与海拔基本无关；\n西北坡为冻害高发区．据此完成 6～8 题．\n6．（4 分）在高山苔原带，与坡度密切相关，而与海拔基本无关的指标是（ ） A．大气温度 B．降水量 C．积雪厚度 D．植被覆盖度\n7．（4 分）长白山西北坡比其他坡向冻害高发，是因为该坡（ ） A．年降水最少 B．冬季气温最低 C．年日照最少 D．冬季风力最大\n8．（4 分）气候变暖但冻害加剧的原因可能是（ ） A．蒸腾加剧 B．低温更低 C．降雪期推后 D．太阳辐射减弱\n",
            "answer": [
                "C",
                "D",
                "C"
            ],
            "analysis": "解：A 选项，在高山苔原带，大气的温度随海拔升高而降低，所以与海\n拔有关；B 选项降水量随海拔的升高先增后减；C 选项坡度大积雪厚度小，\n坡度小，积雪的厚度大，与坡度有关，与海拔无关；D 选项坡度大小影响土\n层薄厚，海拔高低影响气温，土层和温度都会影响植被的生长，与海拔有关。\n故选：C。\n解：长白山为东北﹣﹣西南走向，西北坡为冬季风的迎风坡，风力大，\n积雪薄，且易被风力吹散，导致冻害加剧。\n故选：D。\n解：气候变暖，使降雪的条件不易形成，使得雪期退后，且变短，裸露\n的矮小灌木，缺少积雪的覆盖，使得冻害加剧。\n故选：C。\n",
            "index": 10,
            "score": 4
        },
        {
            "year": "2016",
            "category": "（新课标i）",
            "question": "我国是世界闻名的陶瓷古国，明清时期，“瓷都”景德镇是全国的瓷业中心，产品\n远销海内外，20 世纪 80 年代初，广东省佛山市率先引进国外现代化陶瓷生产\n线，逐步发展成为全国乃至世界最大的陶瓷生产基地．2003 年，佛山陶瓷主\n产区被划入中心城区范围，陶瓷产业向景德镇等陶瓷产地转移．据此完成\n1﹣3 题．\n1．（4 分）与景德镇相比，20 世纪 80 年代佛山瓷业迅速发展的主要原因是（\n）A．市场广阔 B．原材料充足 C．劳动力素质高 D．国家政策倾斜\n2．（4 分）促使佛山陶瓷产业向外转移的主要原因是佛山（ ） A．产业结构调整 B．原材料枯竭 C．市场需求减小 D．企业竞争加剧\n3．（4 分）景德镇吸引佛山陶瓷产业转移的主要优势是（ ） A．资金充足 B．劳动力成本低 C．产业基础好 D．交通运输便捷\n",
            "answer": [
                "D",
                "A",
                "C"
            ],
            "analysis": "解：注意抓住时间，20 世纪 80 年，结合材料“20 世纪 80 年代初，广东\n省佛山市率先引进国外现代化陶瓷生产线，逐步发展成为全国乃至世界最大\n的陶瓷生产基地。”可知，20 世纪 80 年代初，我国在珠三角实行改革开放，\n国家政策倾斜使得佛山市率先引进国外现代化陶瓷生产线。\n故选：D。\n解：材料“佛山陶瓷主产区被划入中心城区范围，陶瓷产业向景德镇等\n陶瓷产地转移”，这说明原来佛山陶瓷产业区变成发展以第三产业为主的中心\n城区，即产业结构调整促使佛山陶瓷产业向外转移。\n故选：A。\n解：景德镇陶瓷发展历史悠久，明清时期，“瓷都”景德镇是全国的瓷业\n中心，故产业基础好是景德镇吸引佛山陶瓷产业转移的主要优势。\n故选：C。\n",
            "index": 11,
            "score": 4
        },
        {
            "year": "2016",
            "category": "（新课标i）",
            "question": "自 20 世纪 50 年代，荷兰的兰斯塔德地区经过多次空间规划，形成城市在外，郊\n区在内的空间特征：该区中间是一个接近 3000 平方千米的“绿心”﹣﹣乡村地\n带；四个核心城市和其他城镇呈环状分布在“绿心”的周围，城镇之间设置不\n可侵占的绿地．四个核心城市各具特殊职能，各城市分工明确，通过快速交\n通系统连接成具有国际竞争力的城市群．近 20 年来，该地区城镇扩展程度小\n，基本维持稳定的城镇结构体系．据此完成 4﹣6 题．\n4．（4 分）兰斯塔德地区通过空间规划，限制了该地区各核心城市的（ ） A．服务种类 B．服务等级 C．服务范围 D．服务人口\n5．（4 分）兰斯塔德空间规划的实施，显著促进该地区同类产业活动的（ ） A．技术创新 B．空间集聚 C．市场拓展 D．产品升级\n6．（4 分）兰斯塔德空间规划的实施，可以（ ） A．提高乡村人口比重 B．降低人口密度\nC．促进城市竞争 D．优化城市用地结构\n",
            "answer": [
                "A",
                "B",
                "D"
            ],
            "analysis": "解：由材料可知“四个核心城市各具特殊职能，各城市分工明确”，得出\n服务种类不同，因此直接选 A 答案。\n故选：A。\n解：根据材料，各城市分工明确，同类产业活动集中在同一个城市，因\n而兰斯塔德空间规划的实施，显著促进该地区同类产业活动的空间集聚，技\n术创新、市场扩展和产品升级不是兰斯塔德空间规划的实施是产生的直接影响。\n故选：B。\n解：A、兰斯塔德空间规划的实施，可以提高城市人口比重，故不符合\n题意；\nB、兰斯塔德空间规划的实施，可以提高人口密度，故不符合题意；\nC、兰斯塔德空间规划的实施，可以降低城市竞争，故不符合题意；\nD、兰斯塔德空间规划的实施，可以优化城市用地结构，故正确。\n故选：D。\n",
            "index": 12,
            "score": 4
        },
        {
            "year": "2017",
            "category": "（新课标iii）",
            "question": "某日，小明在互联网上看到世界各地好友当天发来的信息： 甲：温暖的海风夹着即将到来的夏天的味道扑面而来． 乙：冬季临近，金黄的落叶铺满了一地． 丙：又一次入秋失败了，这还是我四季分明的家乡吗？ 丁：又是黑夜漫长的季节，向北望去，小城上空的极光如彩色帷幕般挂在夜空． 据此完成 10～11 题． 10．以上四人所在地从北到南的排列顺序是（ ） A．甲乙丙丁 B．丁乙丙甲 C．丁丙甲乙 D．甲丙乙丁 11．当天可能是（ ） A．4 月 28 日 B．6 月 28 日 C．9 月 2 日 D．11 月 2 日\n",
            "answer": [
                "B",
                "D"
            ],
            "analysis": "10.【解答】解：根据丁的描述判断，（向北望去有极光）丁位于北半球高纬度地区， 此时为北半球冬半年；而甲逐渐由春到夏，说明该地位于南半球；而乙地将 由秋进入冬说明乙位于北半球，且较丁纬度低，丙地入秋失败，说明处于由 夏至秋的阶段，应位于南半球，且较甲纬度高，更朝南，所以综合判断从北 向南依次为丁乙丙甲。 故选：B。11.【解答】解：由分析可知丁地出现极夜现象，且位于北半球，说明太阳直射点位 于南半球，结合选项，只有 11 月 2 日太阳直射点位于南半球。\n",
            "index": 13,
            "score": 4
        },
        {
            "year": "2017",
            "category": "（新课标ii）",
            "question": "热带沙漠中的尼罗河泛滥区孕育了古埃及农耕文明．尼罗河在每年 6～10 月泛滥\n，从上游带来的类似肥沃土壤的沉积物，与上游来水和周边区域的植物资源，\n都对农耕文明的形成意义重大．据此完成 6～8 题．\n6．热带地区原始的耕种方式多为刀耕火种。古埃及人在刀耕火种方式出现之前，\n能够在沉积物上直接耕种，是因为尼罗河泛滥区（ ） A．用水便利 B．土壤肥沃 C．地势平坦 D．植被缺失\n7．尼罗河下游泛滥区沉积物主要来源地的降水特点为（ ） A．降水季节性强，年降水量大\nB．降水季节性强，年降水量小\nC．降水季节分配均匀，年降水量大\nD．降水季节分配均匀，年降水量小\n8．古埃及人从周边区域引入植物用于种植，引入植物的生长期必须与尼罗河泛\n滥区的耕种期一致．由此判断这些植物最可能来自于（ ） A．热带雨林气候区 B．地中海气候区\nC．热带草原气候区 D．热带季风气候区\n",
            "answer": [
                "D",
                "A",
                "B"
            ],
            "analysis": "解：尼罗河定期泛滥，肥沃淤泥覆盖，没有其他植被，故可以直接在沉\n积物上种植；尼罗河的定期泛滥从上游带来了类似肥沃土壤的沉积物，这道\n题就是说在沉积物上直接耕种，因为那时候还没有刀耕火种的方式，所以最\n主要的原因就是因为这个地方植被的缺失。\n故选：D。\n解：尼罗河下游泛滥区沉积物主要来源地在上游的热带草原气候区，热\n带草原气候终年高温，年降水量，降水季节差异大，分干季和雨季；雨季时\n洪水泛滥，将泥沙带至尼罗河下游沉积。\n故选：A。\n解：从题中可知，尼罗河在每年 6～10 月泛滥，则尼罗河泛滥区的耕种\n期在 11 月到第二年 5 月，冬季为植物生长期，植物从周边地区引入的，生长\n期于尼罗河泛滥区的耕种期一致，故地中海气候区符合。\n故选：B。\n",
            "index": 14,
            "score": 4
        },
        {
            "year": "2017",
            "category": "（新课标i）",
            "question": "德国海德堡某印刷机公司创始人及其合作者设计了轮转式印刷机，开创了现代印\n刷业的先河．至 1930 年，海德堡已成立了 6 家大的印刷机公司．同时，造纸\n，油墨和制版企业也先后在海德堡集聚．产业集聚、挑剔的国内客户以及人\n力成本高等因素的综合作用，不断刺激海德堡印刷机技术革新．据此完成\n4﹣5 题．\n4．造纸、油墨和制版企业在海德堡集聚，可以节省（ ） A．市场营销成本 B．原料成本 C．劳动力成本 D．设备成本\n5．海德堡印刷机在国际市场长期保持竞争优势，主要依赖于（ ）\nA．产量大 B．价格低 C．款式新 D．质量优\n",
            "answer": [
                "A",
                "D"
            ],
            "analysis": "解：造纸、油墨和制版企业等相关产业在海德堡集聚的是为了利用海德\n堡的区位优势。而没有材料表明海德堡的原料和设备成本较低，材料里提到\n海德堡人力成本高；大量相关产业集聚的重要目的之一是利用共同的市场。\n故选：A。\n解：根据材料中“不断刺激海德堡印刷机技术革新”的信息，说明海德堡\n印刷机生产技术不断革新，功能多，这等于说其产品品质高、质量好；“款式\n新”只代表产品的外观新颖，不能代表产品的功能和质量好。\n故选：D。\n",
            "index": 15,
            "score": 4
        },
        {
            "year": "2018",
            "category": "（新课标iii）",
            "question": "油纸伞是我国非物质文化遗产，采用传统方法、全手工制作，油纸伞以竹为骨， 以纸或丝绸为面，刷桐油以增强韧性并防水，但长期置于干燥环境中易变脆、 开裂。近年来，油纸伞走俏国际市场。据此完成 1～2 题。 1．与现代钢骨布面伞相比，油纸伞走俏国际市场依赖的主要优势是（ ） A．携带方便 B．适用地广 C．文化蕴涵 D．经久耐用 2．下列地区中，宜作为油纸伞重点推销市场的是（ ） A．欧洲西部 B．中亚 C．中东 D．撒哈拉以南非洲\n",
            "answer": [
                "C",
                "A"
            ],
            "analysis": "1.【解答】解：油纸伞是我国非物质文化遗产，历史悠久，历史文化价值高，故畅 销主要依赖它的文化蕴涵，故 C 正确； 根据油纸伞与现代钢骨布面伞的比较可知，现代钢骨布面伞携带方便，适用地广， 经久耐用，故 ABD 错； 故选：C。2.【解答】解：读材料，油纸伞采用全手工制作，以丝绸为伞面，故其价格应该比 较昂贵；同时伞作为一种避雨工具，适宜在更湿润的气候环境下销售；而且 油纸伞若长期置于干燥的环境下容易变脆、开裂；故推销油纸伞的重点区域 应该是经济比较发达，气候比较湿润的欧洲西部，故 A 正确； 故选：A。\n",
            "index": 16,
            "score": 4
        },
        {
            "year": "2018",
            "category": "（新课标ii）",
            "question": "地处黄土高原的汾川河流域多年来植被覆盖率大幅度提高，2013 年 7 月，汾川\n河流域降水异常增多，表一为当月 6 次降水过程的时长，降水重和汾川河洪\n峰情况。第 5 次降水形成的洪水含沙量低。第 6 次降水形成的洪水含沙量极\n高。据此完成 9～11 题\n表一\n降水序号 降水历时（天） 降水量/mm 汾川河洪峰情况\n1 2 53.0 无明显洪峰\n2 4 80.3 无明显洪峰\n3 5 100.1 无明显洪峰\n4 2 73.2 无明显洪峰\n5 2 90.7 洪峰流量 346m3\n/s\n6 2 54.4 洪峰流量 1750m3\n/s\n9．（4 分）汾川河流域植被覆盖率大幅度提高能够（ ） A．减小降水变率 B．减少河水含沙量\nC．增加降水量 D．加大河流径流量\n10．（4 分）第五次降水产生洪峰原因是此次降水（ ）\n①历时长 ②强度大 ③下渗少 ④植被截流少\nA．①② B．②③ C．③④ D．①④\n11．（4 分）第 6 次降水产生的洪水含沙量极高，其泥沙主要源于（ ） A．河床 B．沟谷 C．裸露坡面 D．植被覆盖坡面\n",
            "answer": [
                "B",
                "B",
                "D"
            ],
            "analysis": "解：B 项，植被覆盖率提高，水土流失减少，河水的含沙量减少，故 B\n项正确。\nA 项、C 项，植被覆盖率与降水变率和降水量关系不大，故 A 项、C 项均错误。 D 项，植被覆盖率提高，下渗增加，地表径流减少，地下径流加大，汇入河流的\n径流减少，故 D 项错误。\n故选：B。\n解：①项，对比六次降水，降水历时最长为第三次降水，故①错误。②项，第五次降水的平均降水量在 45.35mm 左右，降水强度较大，易产生洪，\n故②正确。\n③项，前四次降水使得土壤含水量趋于饱和，因此第五次下渗较少，地下径流较\n少，地表径流增多，导致汇入河流的水量变大，故③正确。\n④项，由题可知，第五次降水形成的洪水含沙量低，而第六次降水形成的洪水含\n沙量高，说明此次植被截流较多，故④错误。\n综上所述，本题应选择②③，正确答案为 B。\n解：由题可知，第五次降水形成的洪水含沙量低，而第六次降水形成的\n洪水含沙量高。说明降水强度大，超过原有植被保持水土的能力，土壤含水\n量趋于饱和，导致地表径流增多，且坡面坡度高，表层土壤易被地表径流带\n走冲刷，因此泥沙主要源于植被覆盖坡面。故本题正确答案为 D。\n",
            "index": 17,
            "score": 4
        },
        {
            "year": "2018",
            "category": "（新课标i）",
            "question": "近年来，世界上出现了将精密机械设备的组装或加工工厂建在地下的现象。例如\n，日本岐阜某激光加工机组装企业和我国大连某数控机床加工企业，都将工\n厂建于地面 10 米以下。据此完成 1～3 题。\n1．将生产精密机械设备的工厂建在地下有利于（ ）\n①保持恒温环境\n②储存原材料和产品\n③降低生产成本\n④减小地面振动影响\nA．①③ B．②③ C．①④ D．②④\n2．与岐阜相比，大连地下工厂的设计与施工较少考虑的问题是（ ） A．防渗水 B．防噪声 C．防坍塌 D．防地震\n3．推断上述企业将工厂建在地下的直接目的是（ ） A．增强保密程度 B．保证产品品质 C．满足战备需要 D．集约利用土地\n",
            "answer": [
                "C",
                "D",
                "B"
            ],
            "analysis": "解：精密机械设备工厂，产品质量高，技术含量高，故要尽可能的减少\n外部环境对工业生产的影响；而其布局在地下，能保持恒温环境，降低温度\n和地面震动的影响，故①④对，C 正确；\n在地下建工厂，投资大，也不利于储存原材料和产品，故②③错；\n故选：C。\n解：日本地震、火山发生频率都比大连多，故与岐阜相比，大连地下工\n厂的设计与施工较少考虑的问题是防地震，故 D 正确；\n防渗水、防坍塌是任何一个地下工厂建设都应考虑的问题，故 AC 错；\n地下环境并不会有噪声影响，故 B 错；\n故选：D。\n解：精密机械设备的组装或加工工厂对产品的质量要求很高，建在地下\n能够尽可能的减少外部环境对工业生产的影响，保持恒温环境，从而进一步\n保证产品质量，故 B 正确；\n",
            "index": 18,
            "score": 4
        },
        {
            "year": "2019",
            "category": "（新课标iii）",
            "question": "近年来，位于高纬的西伯利亚地区气候发生了明显变化，土地覆被也随之变化，平地上 的耕地明显减少，洼地上的草地大量转化为湿地，越年积雪（积雪期超过一年）面积减少。 据此完成 6～8 题。 6．导致西伯利亚地区土地覆被变化的首要原因是（ ） A．气温升高 B．气温降低 C．降水增多 D．降水减少 7．湿地面积增加主要是因为当地（ ） A．洪水暴涨 B．退耕还湿 C．地面沉降 D．冻土融化 8．西伯利亚地区平地上减少的耕地主要转化为（ ） A．林地 B．湿地 C．草地 D．寒漠\n",
            "answer": [
                "A",
                "D",
                "C"
            ],
            "analysis": "6.【解答】解：读材料可知，西伯利亚地区气候发生了明显变化，越年积雪（积雪期超过 一年）面积减少，说明气候变暖，导致气温升高，所以土地覆被也随之变化，平地上的 耕地明显减少，洼地上的草地大量转化为湿地。 故选：A。\n7.【解答】解：由题干可知，近年来，位于高纬的西伯利亚地区气候发生了明显变化，越 年积雪（积雪期超过一年）面积减少，说明全球气候变暖，冻土融化导致湿地面积增加。 故选：D。\n8.【解答】解：由题干可知，近年来，位于高纬的西伯利亚地区气候发生了明显变化，越 年积雪（积雪期超过一年）面积减少，说明全球气候变暖，原本干旱、半干旱地区会变 得更加干旱，西伯利亚地区平地上减少的耕地主要转化为草地。 故选：C。\n",
            "index": 19,
            "score": 4
        },
        {
            "year": "2019",
            "category": "（新课标iii）",
            "question": "我国某公路长 500 多千米，南北贯穿了多冰川的山脉，并跨越了多条河流。公路南端海 拔约 1070 米，为山前洪积平原上的绿洲。该公路山区段每年 9 月底至次年 5 月底封路禁行。 据此完成 9～11 题。 9．该公路位于（ ） A．吉林 B．内蒙古 C．西藏 D．新疆 10．该公路山区段定期封路禁行主要是因为（ ） A．洪水频发 B．路面积雪严重 C．泥石流多发 D．路面冻融沉降 11．该公路北端海拔约 750 米，其所处的自然带是（ ） A．针叶林带 B．山地草原带 C．高寒草甸带 D．灌丛荒漠带\n",
            "answer": [
                "D",
                "B",
                "D"
            ],
            "analysis": "9.【解答】解：A、吉林省位于我国的第三阶梯，高大的山脉少，不可能出现多条冰川，不 符合题意。 B、内蒙古地形以高原为主，山脉少，且冰川少，不符合题意。 C、西藏位于青藏高原上，虽然冰川广布，但其平均海拔在 4000 米以上，不符合题意。 D、新疆位于我国西北地区，纬度高，冬季气温低；其地势特点为三山夹两盆，山脉海拔 高，冰川多；其水资源主要来自高山冰雪融水，山麓容易形成洪积平原，且绿洲处的人 口、工农业、交通线路的主要分布区，故正确。 故选：D。\n10.【解答】解：我国西北的新疆地区由于离冬季风的源地近，冬季寒冷，降雪量大，持续 时间长；因而，该公路山区段每年 9 月底至次年 5 月底封路禁行的原因最可能是路面积雪严重；冬季几乎没有冰雪融水，不可能发生洪水、泥石流，气温低，路面不会冻融沉 降。故选：B\n11.【解答】解：读材料可知，该公路可能位于我国西北地区，该公路北端海拔约 750 米， 基本上与当地的水平自然带一致，我国西北地区位于温带荒漠带，故该公路北端所处的 自然带是灌丛荒漠带。 故选：D。\n",
            "index": 20,
            "score": 4
        },
        {
            "year": "2019",
            "category": "（新课标ii）",
            "question": "美国某快递公司最大的空运枢纽设在路易斯维尔机场。该机场是美国主要的货运机场之 一。在机场周边聚集了诸如美国红十字会应急救援中心、汽车配件中心，以及乳制品、珠宝、 手机制造等 100 多家企业。据此完成 4～5 题。4．该快递公司在路易斯维尔机场附近需要配建大型的货物（ ） A．生产中心 B．分拣中心 C．销售中心 D．质检中心 5．多家企业在路易斯维尔机场附近集聚，主要是为了（ ） A．利用机场的基础设施 B．降低交通运输成本 C．方便企业间产品交换 D．快速响应客户需求\n",
            "answer": [
                "B",
                "D"
            ],
            "analysis": "4.【解答】解：路易斯维尔机场为该快递公司最大空运枢纽，其目的是通过机场快速运输 货物到各目的地，而不是利用机场进行产品生产或销售，因此不需要建立生产、销售中 心，A、C 错； 该机场附近分布有“美国红十字会应急救援中心、汽车配件中心，以及乳制品、珠宝、 手机制造”等数量众多、类型多样的企业，因此为了将这些不同类型的产品快速运往不 同地区，应建立大型分拣中心，从而快速、有序地完成货物的配送服务，B 对； 产品质量的检测主要是由政府相关部门负责，快递公司主要是提供产品的包装、运输、 配送等服务，D 错。 故选：B\n5.【解答】解：多家企业聚集在机场附近，有利于共享基础设施，但不能利用机场内部的 基础设施，机场的基础设施是为机场运转服务的，A 错； 空运成本高，不利于降低运费，B 错； 汽车配件、乳制品、珠宝等企业间没有生产协作联系，企业间通常不需要产品交换，且 要实现企业间的产品交换不一定要靠近机场，C 错； 它们集聚在机场附近，是为了利用机场快捷的空运条件，及时响应客户要求，将客户需 要的货物以更快的速度送达，D 对。 故选：D。\n",
            "index": 21,
            "score": 4
        },
        {
            "year": "2019",
            "category": "（新课标ii）",
            "question": "积云为常见的一类云，其形成受下垫面影响强烈。空气在对流过程中，气流携带来自下 垫面的水汽上升，温度不断下降，至凝结温度时，水汽凝结成云。水汽开始凝结的高度即为 积云的云底高度。据此完成 6～8 题。 6．大气对流过程中上升气流与下沉气流相间分布，因此积云常常呈（ ） A．连续层片状 B．鱼鳞状 C．间隔团块状 D．条带状 7．积云出现频率最高的地带是（ ） A．寒温带针叶林地带 B．温带落叶阔叶林地带 C．亚热带常绿阔叶林地带 D．热带雨林地带 8．在下垫面温度决定水汽凝结高度的区域，积云的云底高度低值多出现在（ ） A．日出前后 B．正午 C．日落前后 D．午夜\n",
            "answer": [
                "C",
                "D",
                "A"
            ],
            "analysis": "6.【解答】解：大气对流过程中，温度较高、受热的地区空气膨胀上升，温度较低、冷却 的地区空气收缩下沉，上升气流与下沉气流在不同的地区相间分布；气流上升，随海拔 升高，气温降低，水汽渐渐冷却凝结形成积云；气流下沉，随海拔降低，气温升高，水 汽难以冷却凝结，云层少。因此气流上升地区天空形成积云，而下沉地区天空无云（云 量极少），而上升气流与下沉气流在不同的地区相间分布，使积云的分布被无云天空分割， 分布呈间隔的团块状，没有连续分布，A 错 C 对；鱼鳞状、条带状都不是间隔分布的， B、D 错。 故选：C。\n7.【解答】解：积云由气流上升运动（对流运动）产生，而气流上升运动与下垫面气温相 关，近地面气温越高，空气越容易受热膨胀上升从而使空气中的水汽冷却凝结成云，即 积云出现的频率越高；寒温带针叶林地带处于高纬寒带地区，全年气温较低，上升气流 弱，积云极少出现，A 错； 温带落叶阔叶林地带和亚热带常绿阔叶林地带处于中低纬温带地区，夏季气温高，容易 出现积云，但冬半年低温较低，积云出现频率小，B、C 错； 热带雨林地带处于低纬热带地区，全年气温高，盛行上升气流，积云出现的频率高，故 选 D。 故选：D。\n8.【解答】解：读题干，在下垫面温度决定水汽凝结高度的区域，说明该区域的凝结高度 只考虑温度，也就是气温，不考虑其他的什么湿度、气压、凝结核等因素。当气温最低 时最容易凝结。日出前后大气层气温最低，最极端的情况是水蒸气直接在近地面凝结形 成雾，随着地温的增加，水汽的凝结高度逐渐增加。 故选：A。\n",
            "index": 22,
            "score": 4
        },
        {
            "year": "2019",
            "category": "（新课标ii）",
            "question": "霍林河发源于大兴安岭，为山前半干旱区及部分半湿润区的平原带来了流水及泥沙。受 上游修建水库和灌溉的影响，山前平原河段多年断流。断流期间，山前平原上的洼地增多增 大。据此完成 9～11 题。 9．修建水库前，营造该地区山前平原地表形态的力主要来自（ ） A．构造运动 B．流水 C．冰川 D．风 10．断流期间，山前平原上的洼地增多增大是由于（ ） A．地面沉降 B．流水侵蚀 C．风力侵蚀 D．冻融塌陷 11．伴随着洼地增多增大，周边地区可能出现（ ） A．水土流失 B．沼泽化 C．土地沙化 D．盐碱化\n",
            "answer": [
                "B",
                "C",
                "C"
            ],
            "analysis": "9.【解答】解：霍林河上游流经大兴安岭，流速快、泥沙搬运能力强，在出山口位置因地 势变得低平、水流速度减慢，从上游携带的泥沙、碎石在此堆积形成山前平原（冲积扇）， 因此营造该地区山前平原地表形态的力主要是流水，B 对； 山前平原地势平坦，构造运动常形成高山、深谷，使地表变得高低不平，A 错； 该地纬度较低且大兴安岭海拔较低，山前地带没有大规模的冰川活动，C 错； 修建水库前，山前地区因有河流流经，水资源较丰富，气候较湿润，受风力侵蚀、沉积 等作用影响小，D 错。 故选：B.\n10.【解答】解：由题干可知，受上游修建水库和灌溉的影响，山前平原河段多年断流。断 流期间，山前平原上的洼地增多增大。意思是断流后，山前平原没水了，洼地增加了。 结合该地的地理位置，山前平原上的洼地增多增大是由于风力侵蚀。 地面沉降通常规模较大、发生的速度快，并且塌陷是从地下向地面传播，与该地洼地慢 慢由地表向地下不断侵蚀、加深的特征不符，A 错； 此时河流断流，流水侵蚀作用极微弱，B 错； 地下冻土冻融塌陷应呈现出明显的季节性，夏季气温高，地面冻融塌陷，冬季气温低土 壤结冰则不再冻融塌陷，并不会使洼地一直变大、变深，D 错。 故选：C。\n11.【解答】解：洼地增多增大，反映了该地受风力侵蚀作用加剧，被风力吹蚀、搬运的泥 沙在周边地区沉积，使周边地区土地更容易沙化，C 对； 河流断流，地面径流短缺，水流难以搬运泥沙，即水土流失问题少，A 错； 河流断流，水资源短缺，形成沼泽需有稳定、丰富的水源条件，B 错； 周边地区泥沙不断沉积，使其地势抬高，造成地下水埋藏深度增大、地下水水位下降， 不容易出现土地盐碱化，D 错。 故选：C。\n",
            "index": 23,
            "score": 4
        },
        {
            "year": "2019",
            "category": "（新课标i）",
            "question": "20 世纪 80 年代开始，长江三角洲地区某县村办企业涌现，形成“村村冒烟”现象。2016 年该县开始实施村集体经济“抱团飞地”发展模式：由县、镇统筹，整合腾退的村办企业建 设用地指标和补贴资金，各村以股份合作形式（抱团）在发展条件优越的城镇（飞地）联合 建设创新创业中心，并建立保证各村收益的机制。据此完成 1～3 题。 1．“村村冒烟”主要指的是当时该县村办企业（ ） A．燃料来源分散 B．空间布局分散 C．原料来源分散 D．产品市场分散 2．实施“抱团飞地”发展模式，可以（ ） ①弥补劳动力不足 ②缓解建设用地紧张 ③提升基础教育水平 ④壮大集体经济 实力A．①③ B．②③ C．①④ D．②④ 3．“抱团飞地”发展模式，主要体现了（ ） A．城乡统筹创新 B．生活方式创新 C．农业发展创新 D．科学技术创新\n",
            "answer": [
                "B",
                "D",
                "A"
            ],
            "analysis": "1.【解答】解：改革开放初期，曾引以为自豪的“村村冒烟、户户冒烟”的乡镇企业，是 弥补计划经济体制的僵化与缺陷、搞活城乡经济的成功经验，有其可贵之处，按当时的 时髦说法就是“无农不稳、无工不富、无商不活”，也曾是搞活县域乡村经济的经典法宝。 现在却已成为中国经济转型升级发展的最大障碍，这种小作坊“农村包围城市”、“遍地 开花”的结果全国各地无一幸免。“村村冒烟”主要指的是当时该县村办企业空间布局分 散。故选：B。\n2.【解答】解：由材料可知，抱团飞地包括两部分：抱团是指各村进行入股合作，而飞地 指的是相对发达地区，也就是条件优越的城镇区域。材料中提到，由县、镇统筹整合， 腾退的村办企业建设用地指标、补贴资金，也就是说，乡镇提供符合指标的村办企业建 设用地，而资金补贴则是由相对发达的城镇地区进行提供，双向互惠，壮大了集体经济 规模，实现了共赢，推进发达地区和欠发达区域的协同发展，有效地提高了资金和土地 资源的利用效率，解决原先资金以及建设用地资源不足的问题，故②④正确。 抱团飞地模式原先并没有出现劳动力不足的问题，也没有弥补劳动力短缺。抱团飞地主 要是针对原先集体经济资金、资源发展总量少的问题，跟教育无关，故①③错误。 故选：D。\n3.【解答】解：A、该县的抱团飞地发展模式，是由县镇统筹，整合腾退，村办企业减少用 地指标和补贴资金，这样主要体现了城乡统筹的创新，故正确； B、生活方式的创新是受文化影响的，与当地企业发展模式无关，故不符合题意； C、该地的“抱团飞地”发展模式是对村办企业，属于工业生产，对农业发展创新没有影 响，故不符合题意； D、这种模式没有加大科技投入，并未体现科学技术的创新，故不符合题意。 故选：A。\n",
            "index": 24,
            "score": 4
        },
        {
            "year": "2020",
            "category": "（新课标iii）",
            "question": "堪察加火山群位于环太平洋火山带的北端，气候冷湿，火山锥各坡的降水差异小。近几 十年来受全球气候变化的影响，火山锥的林线（森林分布上限）升高、雪线（终年积雪下限） 有所降低。此外，其他干扰也影响林线和雪线高度。例如，火山喷发彻底破坏原有景观，若 干年内该火山锥的林线与雪线高度往往发生显著变化。据此完成 9～11 题。 9．一般情况下，与阴坡相比，该地火山锥阳坡的（ ） A．林线与雪线更高 B．林线与雪线更低 C．林线更高、雪线更低 D．林线更低、雪线更高 10．林线升高，雪线有所降低，表明火山群所在区域气候变化趋势为（ ） A．暖湿 B．暖干 C．冷湿 D．冷干 11．火山喷发后若干年内，该火山锥（ ） A．林线升高，雪线升高 B．林线升高，雪线降低 C．林线降低，雪线升高 D．林线降低，雪线降低\n",
            "answer": [
                "A",
                "A",
                "B"
            ],
            "analysis": "9.【解答】解：山地阳坡受到太阳辐射影响气温高，因此森林分布上线上升；山地阳坡温 度更高，雪线上升。 故选：A\n10.【解答】解：林线升高，表明勘察加半岛火山群所在区域气温上升；雪线有所下降，说 明勘察加半岛火山群所在区域降水量增多，故该区域气候变得更为暖湿。 故选：A。\n11.【解答】解：全球气候变暖影响时间长、范围广，堪察加火山群喷发加剧了当地变暖的 趋势。火山喷发若干年内，火山锥受外力风化侵蚀，坡度变缓，雪线下降。火山灰为森 林的生长提供了肥沃的土壤，因此，林线升高。B 正确，ACD 错误。 故选：B。\n",
            "index": 25,
            "score": 4
        },
        {
            "year": "2020",
            "category": "（新课标i）",
            "question": "岳桦林带是长白山海拔最高的森林带。岳桦林带气候寒冷，生长季短，只有其下部的岳 桦才结实（种子）。岳桦结实的海拔上限称为岳桦结实线，岳桦林分布上限即长白山林线。 监测表明，20 世纪 90 年代以来，长白山北坡气候持续变暖，岳桦结实线基本稳定；林线的 海拔快速提升了 70～80 米，但近年趋于稳定。据此完成 9～11 题。 9．目前，长白山北坡林线附近的岳桦多为（ ） A．幼树 B．中龄结实树 C．老树 D．各树龄组混生 10．推测 20 世纪 90 年代以来，长白山北坡岳桦林带（ ） A．冬季升温幅度小，生长季稳定 B．冬季升温幅度大，生长季延长 C．冬季升温幅度大，生长季稳定 D．冬季升温幅度小，生长季延长 11．在气候变暖背景下，长白山北坡林线近年却趋于稳定，原因可能是（ ） A．降水稳定 B．水土流失量稳定 C．土壤肥力稳定 D．岳桦结实线稳定\n",
            "answer": [
                "A",
                "C",
                "D"
            ],
            "analysis": "9.【解答】解：据材料信息“岳桦林线的海拔快速提升了 70～80 米”，其上升的森林部分 是由于大树底下长出的幼苗而形成。 故选：A。\n10.【解答】解：读材料“20 世纪 90 年代以来，长白山北坡气候持续变暖，岳桦结实线基本 稳定；林线的海拔快速提升了 70～80 米”可知，由于气候变暖导致长白山北坡冬季温度 上升幅度大，岳桦林生长稳定，C 正确。 故选：C。\n11.【解答】解：结合分析可知，林线升高说明当地的气温升高，但近年林线趋于稳定，说 明该地的气候变化较小。降水、水土流失、土壤肥力的改变对当地气温影响不大，ABC 错；岳桦结实线分布的上限为长白山林线，因此其稳定导致林线趋于稳定，D 对； 故选：D。\n",
            "index": 26,
            "score": 4
        },
        {
            "year": "2021",
            "category": "（全国甲卷）",
            "question": "医用注射剂瓶和用于加工它的玻璃管的生产过程对水、空气等环境条件要求严苛。世界 最大的高端玻璃管生产企业德国某公司，通过对浙江丽水、四川成都、江苏无锡等地比较， 最终选定在具有相关产业和生态环境优良的丽水某山间小镇建生产厂；2017 年，从德国进口 高端玻璃管制成医用注射剂瓶的生产厂投产；2020 年，高端玻璃管生产厂投产。据此完成 1～ 3 题。 1．该公司选择在中国建生产厂，主要是因为中国（） A.原材料充足 B.市场广阔 C.技术先进 D.劳动力价格低 2.该公司最终选定在丽水建生产厂，看中的主要人文地理条件是（） A.基础设施 B.商业氛围 C.科研实力 B.配套产业 3.丽水山间小镇的生态环境也是吸引该公司投资的重要条件。这说明与大城市相比，该公司在 山间小镇建生产厂，可以（） A.提高产品质量 B.降低车间环境净化成本 C.增加产品产量 D.降低废弃物处理成本\n",
            "answer": [
                "B",
                "D",
                "B"
            ],
            "analysis": "\n",
            "index": 27,
            "score": 4
        },
        {
            "year": "2021",
            "category": "（新课标i）",
            "question": "2014 年我国某科技公司在新疆建立了研发基地，研制适用于大规模棉花生产的无人机。 为推广产品，该公司先组建专业服务团队为农民提供无人机服务，后以极低的价格出租无人 机，最后才销售无人机，同时对农民进行技术培训。无人机的使用，大幅度减少了人工成本， 改变了新疆传统农业生产方式。据此完成下面小题。 1. 新疆吸引该科技公司入驻的主要因素是（ ） A. 交通 B. 政策 C. 技术 D. 市场 2. 该科技公司提供无人机服务、租赁，同时对棉农进行培训，直接目的是（ ） A. 增强竞争力 B. 培育市场 C. 提升服务水平 D. 提高效 益3. 无人机的使用主要可以帮助棉农提高棉花的（ ） A. 产量 B. 质量 C. 利润 D. 价格\n",
            "answer": [
                "D",
                "B",
                "C"
            ],
            "analysis": "【解析】 【分析】 【1 题详解】 新疆为我国最大的棉花生产基地，该科技公司入驻新疆，研制适用于大规模棉花生产的无人 机，故该科技公司入驻新疆，主要是看重新疆的无人机应用市场，D 正确；新疆的交通、技 术均无明显优势，AC 错误；材料中没有提及政策因素，该科技公司为拓展市场入驻新疆， 是正常的经济活动，B 错误。故选 D。 【2 题详解】由上题分析可知，该科技公司入驻新疆主要是为了拓展市场，由材料可知，为推广产品，该 公司先组建专业服务团队为农民提供无人机服务，后以极低的价格出租无人机，最后才销售 无人机，同时对农民进行技术培训。可见该科技公司提供无人机服务、租赁，同时对棉农进 行培训，直接目的是培育市场，以推广产品，B 正确；该公司通过提升服务水平，增强竞争 力达到销售产品的目的，最终提高效益，AC 是该科技公司为了销售产品而做的工作，不是 目的，AC 错误；提高效益是最终目的，D 错误。故选 B。 【3 题详解】 由材料可知，无人机的使用，大幅度减少了人工成本，降低成本，故能提高利润，C 正确； 无人机的使用能降低成本，可能会降低棉花价格，D 错误；无人机的使用提高了劳动生产效 率，但不能直接提高棉花的产量和质量，AB 错误。故选 C。\n",
            "index": 28,
            "score": 4
        },
        {
            "year": "2021",
            "category": "（新课标i）",
            "question": "陆港是指在海港以外地区建设的、代表海港行使报关、报检等功能的物流中心。按其离 海港距离可分为近海陆港（小于 100 千米）、远海陆港（一般 500 千米以上）等。据此完成 下面小题。 4. 建设陆港使海港（ ） ①扩大承载规模 ②缓解用地紧张 ③增加用地成本 ④提高设备水平 A. ①② B. ①③ C. ②④ D. ③④ 5. 与近海陆港相比，远海陆港更能使海港（ ） A. 缓解交通拥堵 B. 提高通关效率 C. 拓展腹地范围 D. 减少环 境污染 6. 以下产业中，更宜依托远海陆港发展的是（ ） A. 服务外包产业 B. 高科技产业 C. 资源加工产业 D. 前瞻性 产业\n",
            "answer": [
                "A",
                "C",
                "C"
            ],
            "analysis": "【解析】 【分析】本题考查港口的发展和影响港口建设的条件 【4 题详解】 陆港是指在海港以外地区建设的、代表海港行使报关、报检等功能的物流中心，提升了港口 的服务能力，影响范围更大，扩大了承载规模，①正确。不再扩大海港的规模，减少土地使用，缓解用地紧张的问题，用地成本下降，②正确，③错误。海港的规模没有进一步扩大， 设备水平没有较大影响，④错误，故选择 A 项。 【5 题详解】 陆港对交通状况没影响，A 错误。报关效率是由工作人员的操作和管理决定的，B 错误。陆 港可以使港口的影响范围进一步扩大，拓展腹地范围，C 正确。陆港远近与污染无关，D 错 误。【6 题详解】 远海陆港距离海港远，交通不便，资源加工产业对时间要求不严格，可以依托远海陆港发展， C 正确。服务外包，高科技、前瞻性产业时效性强，需要更跨快速便捷的交通，ABD 错误。\n",
            "index": 29,
            "score": 4
        },
        {
            "year": "2022",
            "category": "（全国乙卷）",
            "question": "中心城区通常为城市中人口最密集的区域。下表数据显示上海、北京、广州、深圳四城 市 2010 年中心城区人口比重及 2010～2020 年中心城区和中心城区以外地区人口数量的变 化。据此完成下面小题。 表 1 城市 2010 年中心城 区人口比重/% 2010-2020 年中心城 区人口变化/万人 2010-2020 年中心城区以外 地区人口变化/万人 上海 30．3 -30．25 215．42 北京 59．7 -72．8 300．9 广州 39．7 129．12 468．46 深圳 34．0 116．88 596．73 1．2010～2020 年四城市人口变化的共同特点是（ ） A．总人口增加,中心城区人口比重下降 B．总人口减少,中心城区人口比重上 升C．总人口增加,中心城区人口比重上升 D．总人口减少,中心城区人口比重下 降2．与四城市人口变化共同特点类似的中国其他城市,一般具有（ ） A．相似的空间形态 B．趋同的主导产业 C．一致的功能定位 D．相近的 等级规模 3．根据四城市人口变化特点,城市规划应该引导（ ） A．人口向中心城区再集聚 B．人口在中心城区以外地区集聚 C．中心城区核心功能疏解 D．人口在中心城区以外地区均衡布局\n",
            "answer": [
                "A",
                "D",
                "B"
            ],
            "analysis": "【解析】\n【1题详解】\n根据表中中心城区和中心城区以外地区人口数量的变化数据可知上海人口净增加184．17万人，北京净增加228．1万人，广州净增加597．58万人，深圳净增加713．66万人，所以四城市总人口都是净增加的。上海、北京中心城区人口数量减少，中心城区以外地区人口数量增加，故上海、北京中心城区人口比重减少，广州、深圳中心城区和中心城区以外地区人口数量虽然都增加，但中心城区以外地区人口数量增加的远大于中心城区人口的增加量，故广州、深圳中心城区人口比重也在减少。故A正确，BCD错误。故答案选A。\n【2题详解】\n人口规模是衡量城市规模大小的重要指标，一般城市规模越大等级越高。反之城市规模大小也反映着人口规模的变化，故D正确；城市的形态、功能与城市人口变化没有多大关系，故AC错误；产业类型与人口变化关系不大，而产业规模的大小与人口变化有相关性，故B错。故答案选D。\n【3题详解】\n由1 题可知四城市总人口都在增加，而结合所学知识，四城市经济发达，人口增加大都来源于人口的迁移，外来人口向中心城区再集聚会加大中心城区环境、交通、住房、社会管理的压力，所以城市规划应该引导外来人口在中心城区以外地区集聚，减轻城市中心环境、交通、住房、社会管理的压力，故A错B正确；中心城区核心功能的疏解，会改变城市的职能与功能，故C错；中心城区以外地区有不同的功能区，人口均衡布局可能影响中心城区以外的功能区布局，故D错。故答案选B。\n",
            "index": 30,
            "score": 4
        },
        {
            "year": "2022",
            "category": "（全国甲卷）",
            "question": "浙江 S 集团是一家研发和生产空调控制元件和零部件的企业，其生产的零部件占全球智能空调配件市 场 60%以上的份额。至 2017 年，S 集团除国内工厂外，还在美国、墨西哥、波兰等国家建有工厂。其国内 工厂生产的产品除供应国内市场外，还满足出口需求。2018 年，在国内工厂产能饱和、订单不断增长的情 况下，S 集团入驻越南某工业园，在买地自建厂房的同时，租用厂房开展生产。据此完成下面小题。 1. 影响 S 集团在美国、墨西哥、波兰等国家建厂的主要区位因素是（ ） A. 技术 B. 市场 C. 原材料 D. 劳动力 2. 与国内建厂相比，S 集团选择在越南建厂，可以（ ） A. 降低生产成本 B. 增加产品产量 C. 提高产品质量 D. 方便原料供应 3. 推测入驻越南的S 集团在自建厂房的同时租用厂房的主要目的是（ ） A. 减少投资 B. 提升企业形象 C. 支持园区建设 D. 满足客户需求\n",
            "answer": [
                "B",
                "A",
                "D"
            ],
            "analysis": "【解析】 【1 题详解】 根据材料“至 2017 年，S 集团除国内工厂外，还在美国、墨西哥、波兰等国家建有工厂。其国内工厂生产的 产品除供应国内市场外，还满足出口需求。”说明其生产的产品市场需求大，在美国、墨西哥、波兰等国建 厂的主要区位因素是市场，B 正确。墨西哥与我国相比，没有明显的技术优势，而我国原材料和劳动力更 具优势，故 ACD 错误，故选 B。 【2 题详解】 2.材料“2018 年，在国内工厂产能饱和、订单不断增长的情况下，S 集团入驻越南某工业园”说明在越南建厂 主要是为了完成生产，这是目的，与国内建厂相比，在越南建厂并不能增加产品产量，B 错误。而越南相 对我国来说，经济相对落后，地价和劳动力价格等低廉，故与我国国内建厂相比，生产成本更低，A 正确。 CD 错误。故选 A。 【3 题详解】 材料“2018 年，在国内工厂产能饱和、订单不断增长的情况下，S 集团入驻越南某工业园，在买地自建厂房的同时，租用厂房开展生产。”说明在越南建厂主要是为了完成生产，这是目的，故入驻越南的 S 集团在自 建厂房的同时租用厂房的主要是为了尽快生产出更多的产品，完成生产，满足客户需求，D 正确。在修建 厂房的同时再租用，投资成本会增加，与提升企业形象和支持园区建设关系不大，ABC 错误。故选 D。\n",
            "index": 31,
            "score": 4
        },
        {
            "year": "2022",
            "category": "（全国甲卷）",
            "question": "近年来，吉林、河南两省相继提出实施“秸秆变肉”工程和“秸秆变肉换奶”计划。一是重点推进秸 秆饲料化进程（2021 年吉林、河南秸秆产量分别为 4000 万吨和 6550 万吨）；二是稳妥推进具有良好经济与 生态意义的“粮改饲”工作，即在玉米产区规模化种植青贮玉米、甜高粱、苜蓿等饲料作物，以满足肉牛 等发展需求。据此完成下面小题。 4. 导致吉林、河南两省年秸秆产量差异的主要因素是（ ） A. 年降水量 B. 作物结构 C. 耕地质量 D. 作物熟制 5. 在玉米产区推广“粮改饲”的经济意义是（ ） A. 提高秸秆产量 B. 增加秸秆种类 C. 调整农牧结构 D. 推动种植技术进步 6. 体现“粮改饲”生态意义的农事是（ ） ①作物轮作②土壤深翻③圈舍养殖④土地平整 A. ①③ B. ①④ C. ②③ D. ②④\n",
            "answer": [
                "D",
                "C",
                "A"
            ],
            "analysis": "【解析】 【4 题详解】 由材料“2021 年吉林、河南秸秆产量分别为 4000 万吨和 6550 万吨”可知，吉林秸秆产量小于河南。吉林和 河南均位于我国东部季风区，降水丰富，故年降水量不是导致两省秸秆差异原因，A 错误。两省均属于秦 岭淮河以北地区，农业发展以旱作谷物为主，作物结构相差不大，B 错误。吉林有黑土分布，土壤肥力充 足，条件更好，C 错误。吉林主要位于的温度带是寒温带、中温带，作物熟制是一年一熟；而河南地处暖 温带和北亚热带地区，热量资源可满足作物一年两熟或喜温作物两年三熟的要求，导致河南比吉林秸秆产 量更多，D 正确。故选 D。 【5 题详解】 根据材料““粮改饲”工作，即在玉米产区规模化种植青贮玉米、甜高梁、苜蓿等饲料作物，以满足肉牛等发 展需求。”可知，“粮改饲”将单纯的粮仓变为“粮仓+奶罐+肉库”，调整了农牧结构，创造更多经济收益，C 正确。根据题意秸秆最终也是作为饲料发展畜牧业，与秸秆种类关系不大，B 错误。对于种植的青贮玉米、甜高梁、苜蓿等本身就是饲料作物，与秸秆产量联系不大，A 错误。种植饲料作物并没有投入很多科技技 术，对于推动种植技术进步来说意义不大，D 错误。故选 C。 【6 题详解】 根据材料““粮改饲”工作，即在玉米产区规模化种植青贮玉米、甜高梁、苜蓿等饲料作物”可知，“粮改饲” 将粮食、经济作物的二元结构调整为粮食、经济、饲料作物的三元结构，促进了作物轮作，将种植的饲料 和秸秆一起喂养牲畜，发展畜牧业，促进了圈舍养殖的发展，使该区以种植业为主变为种植业结合畜牧业 发展的混合农业发展，在耕作时间上形成互补，肥料的运用上形成互补及回收，形成良性的生态系统，有 良好的生态意义，①③正确，A 正确。土壤深翻不利于土壤保持肥力，容易造成水土流失，②错误。土地 平整是指对凸凹不平的土地削高填低，使其成为具有适宜坡度的田面或水平田面，以改善田间灌排条件和 耕作条件，而“粮改饲”则提倡因地制宜，④错误，故 BCD 错误。故选 A。\n",
            "index": 32,
            "score": 4
        },
        {
            "year": "2022",
            "category": "（全国甲卷）",
            "question": "蒙古族将靠近山林的优质草原称为杭盖草原。杭盖草原地形和缓，多由缓丘和河谷组成。缓丘上牧草 葱郁，河谷中的牧草更加繁茂。通常鼠类打洞、啃食等对草原多有破坏，而杭盖草原的河谷中鼠害却很轻。 杭盖草原是古时游牧民族最喜爱的牧场。据此完成下面小题。 9. 杭盖草原附近山地对古时游牧民族越冬的重要性在于（ ） A. 提供水源 B. 挡风保暖 C. 食物丰富 D. 围猎场所大 10. 相对于周边坡度较大的草原，杭盖草原的缓丘牧草生长更好，是因为缓丘上（ ） A. 降水较多 B. 蒸发较弱 C. 温度较高 D. 径流较少 11. 杭盖草原的河谷鼠害很轻，是因为河谷（ ）A. 缺乏鼠类食物 B. 冷空气易集聚 C. 地下水位高 D. 鼠类天敌多\n",
            "answer": [
                "B",
                "B",
                "C"
            ],
            "analysis": "【解析】 【9 题详解】 据材料可知，杭盖草原为蒙古族的牧场，纬度较高，距离冬季风源地近，冬季受西北季风的影响强烈，气 候寒冷。选择有山地的地区南坡即阳坡越冬，相比北坡而言，一方面日照时间较长，光热条件较好，另一 方面，位于西北季风的背风坡，受冬季风影响较小，较温暖，B 正确。山地的水源、食物相比浅丘和河谷没 有优势，AC 错误。游牧民族以放牧为生，猎人以狩猎为生，故围猎场所与游牧民族选择山地越冬关系不大， D 错误。故选 B。 【10 题详解】 杭盖草原位于我国西北地区，温带大陆性气候，降水较少，A 错误。温度与坡向和海拔有关，与坡度大小 关系不大，C 错误。缓坡坡面径流速度较慢，有利于下渗，地下径流更丰富，D 错误。该地区纬度较高，太 阳高度角比较小，与陡坡相比，缓坡太阳辐射与地面的夹角更小，单位面积获得的热量较少，土壤蒸发较 弱，水分条件更好，牧草生长更茂盛，B 正确。故选 B。 【11 题详解】 据材料可知，鼠类通过打洞、啃食等，对草原多有破坏，打洞为其提供栖息和生活的场所，在河谷地区， 地下水位较高，打洞常常被地下水淹没，导致无法栖息，所以鼠类往往远离河谷地区生活繁衍，故导致杭 盖草原的河谷鼠害很轻，C 正确。河谷中的牧草更加繁茂，鼠类食物丰富，A 错误。河谷位于缓坡之间，冷 空气集聚作用不明显，B 错误。河谷与缓坡空间距离并不远，天敌数量差异不大，D 错误。故选 C。\n",
            "index": 33,
            "score": 4
        }
    ]
}