{
    "keywords": "2010-2022_Chinese_Language_Famous_Passages_and_Sentences_Dictation",
    "example": [
        {
            "year": "2010",
            "category": "（新课标）",
            "question": "名篇名句默写（ 6分）  \n4．（ 6分）补写出下列名篇名句中的空缺部分。  \n（1）故木受绳则直，____1____，君子博学而日参省乎己，____2_____ （《荀子 •劝\n学》）  \n（2）千里马常有，____3_____。故虽有名马，祗辱于奴隶人之手，____4____，不以\n千里称也。（韩愈《杂说（四）》）  \n（3）莫笑农家腊酒浑，___5____。山重水复疑无路，____6_____。（陆游《游山西\n村》）\n",
            "answer": "（1）金就砺则利    则知明而行无过矣\n（2）而伯乐不常有     骈死于槽枥之间\n（3）丰年留客足鸡豚     柳暗花明又一村\n",
            "analysis": "\n",
            "index": 0,
            "score": 6
        },
        {
            "year": "2011",
            "category": "（新课标）",
            "question": "名篇名句默写：补写出下列名篇名句中的空缺部分。  \n（1）子曰： “三人行，____1___。择其善者而从之，___2___。”（《论语 •述而》\n） \n（2）西当太白有鸟道，__3___。地崩山摧壮士死，___4___。（李白《蜀道难》\n） \n（3）若夫日出而林霏开，___5___，晦明变化者，___6___。（《欧阳修《醉翁\n亭记》）\n",
            "answer": "（1）必有我师焉   其不善者而改之\n（2）可以横绝峨眉巅   然后天梯石栈相钩连\n（3）云归而岩穴暝   山间之朝暮也\n",
            "analysis": "\n",
            "index": 1,
            "score": 6
        },
        {
            "year": "2012",
            "category": "（新课标）",
            "question": "补写出下列名篇名句中的空缺部分。  \n（1）是故所欲有甚于生者，所恶有甚于死者。____1__，人皆有之，___2____。（\n孟子）  \n（2）呜呼！师道之不复，可知矣。____3____，君子不齿，____4____，其可怪也欤！\n（唐散文《师说》）  \n（3）四十三年，____5____，烽火扬州路。可堪回首，___6____，一片神鸦社鼓。（\n宋词《永遇乐》）\n",
            "answer": "（1）非独贤者有是心也   贤者能勿丧耳\n（2）巫医乐师百工之人    今其智乃反不能及\n（3）望中犹记   佛狸祠下\n",
            "analysis": "\n",
            "index": 2,
            "score": 6
        },
        {
            "year": "2013",
            "category": "（新课标ⅰ）",
            "question": "名篇名句默写（ 6分）  \n4．（ 6分）补写出下列名篇名句中的空缺部分。  \n（1）足蒸暑土气，_____1_____，____2____，但惜夏日长。（白居易《观刈麦》）  \n（2）五步一楼，十步一阁；____3____，檐牙高啄；____4_____，勾心斗角。（杜牧《\n阿房宫赋》）  \n（3）西望夏口，东望武昌，____5____，____6_____，此非孟德之困于周郎者乎？（\n苏轼《赤壁赋》）\n",
            "answer": "（1）背灼炎天光  力尽不知热\n（2）廊腰缦回   各抱地势\n（3）山川相缪   郁乎苍苍\n",
            "analysis": "\n",
            "index": 3,
            "score": 6
        },
        {
            "year": "2013",
            "category": "（新课标ⅱ）",
            "question": "名篇名句默写（ 6分）  \n4．（ 6分）补写出下列名篇名句中的空缺部分。  \n（1）蚓无爪之利，____1____，上食埃土，____2____，用心一也（《荀子 *劝学》）  \n（2）每至晴初霜旦，____3____，___4____，属引凄异，空谷传响，哀转久绝。（\n郦道元《三峡》）  \n（3）春江花朝秋月夜， ____5____，岂无山歌与村笛，_____6_____。 \n（白居易《琵琶行》）\n",
            "answer": "（1）筋骨之强   下饮黄泉\n（2）林寒涧肃   常有高猿长啸\n（3）往往取酒还独倾    呕哑嘲哳难为听\n",
            "analysis": "\n",
            "index": 4,
            "score": 6
        },
        {
            "year": "2014",
            "category": "（新课标ⅰ）",
            "question": "补写出下列句子中的空缺部分。  \n（1）屈原在《离骚》中表现自己同情百姓的苦难生活，并因此流泪叹息的名句\n是“____1____，___2____”。 \n（2）李白《蜀道难》中 “___3____，____4_____”两句写山势高险，即便是善飞的黄\n鹤、轻捷的猿猴都很难越过。  \n（3）杜甫在《春望》中借花鸟以抒发自己悲愤情感的名句是 “____5_____，____6_____”\n。\n",
            "answer": "（1）长太息以掩涕兮  哀民生之多艰\n（2）黄鹤之飞尚不得过  猿猱欲度愁攀援\n（3）感时花溅泪  恨别鸟惊心\n",
            "analysis": "\n",
            "index": 5,
            "score": 6
        },
        {
            "year": "2014",
            "category": "（新课标ⅱ）",
            "question": "名篇名句默写\n（1）《庄子 ▪逍遥游》中以 “朝菌 ”和“蟪蛄 ”为例来说明 “小年 ”一词的两句是 “____1____，___2____\n“ \n（2）李白《行路难（金樽清酒斗十千）》一诗经过大段的反复回旋，最后境界\n顿开，用 “____3____，____4_____”两句表达了诗人的乐观和自信。  \n（3）在《赤壁赋》中，苏轼用 “___5____，____6_____”两句概括了曹操的军队在攻\n破荆州后顺流而下的军容之盛。\n",
            "answer": "（1）朝菌不知晦朔     蟪蛄不知春秋\n（2）长风破浪会有时   直挂云帆济沧海\n（3）轴轳千里    旌旗蔽空\n",
            "analysis": "\n",
            "index": 6,
            "score": 6
        },
        {
            "year": "2015",
            "category": "（新课标ⅰ）",
            "question": "补写出下列句子中的空缺部分。  \n（1）在《离骚》中，屈原诉说自己曾因佩戴草而遭到贬逐，也曾被加上采摘白\n芷的罪名，但他坚定地表示： “___1___，___2____。” \n（2）王维《使至塞上》中 “___3___，____4____”一联，写了到达边塞后看到的奇\n特壮丽风光，画面开阔，意境雄浑。  \n（3）苏轼《念奴娇（大江东去）》中 “____5____，____6_____”两句，收束了对赤壁\n雄奇景物的描写，引起后面对历史的缅怀。\n",
            "answer": "（1）亦余心之所善兮，虽九死其犹未悔\n（2）大漠孤烟直，长河落日圆\n（3）江山如画，一时多少豪杰\n",
            "analysis": "\n",
            "index": 7,
            "score": 6
        },
        {
            "year": "2015",
            "category": "（新课标ⅱ）",
            "question": "名篇名句默写  \n补写出下列句子中的空缺部分。  \n（1）《庄子，逍遥游》指出 “____1___，___2____”就像倒在堂舱地的一杯水，无\n法浮起一个杯子一样。  \n（2）白居易《琵琶行》中 “____3___，___4___”两句，写的是演奏正式开始之前\n的准备过程。  \n（3）杜牧《赤壁》中 “____5____，____6___”两句，设想了赤壁之战双方胜败易位\n后将导致的结局。\n",
            "answer": "（1）且夫水之积也不厚，则其负大舟也无力\n（2）转轴拨弦三两声，未成曲调先有情\n（3）东风不与周郎便，铜雀春深锁二乔\n",
            "analysis": "\n",
            "index": 8,
            "score": 6
        },
        {
            "year": "2016",
            "category": "（新课标ⅰ）",
            "question": "名篇名句默写  \n补写出下列句子中的空缺部分。  \n（1）《荀子 •劝学》指出，蚯蚓虽然身体柔弱，却能___1___，___2___是用心专一的缘故 。 \n（2）在《出师表 》开头，诸葛亮向后主指出 ，先帝刘备过早去世 ，“___3__，___4___，\n正是危急存亡之时。  \n（3）在《永遇乐（千古江山）》中，辛弃疾回顾了元嘉年间的那次北伐，宋文\n帝刘义隆本希望能够 “___5___”，但是由于行事草率，最终却____6__。\n",
            "answer": "（1）上食埃土，下饮黄泉\n（2）今天下三分，益州疲弊\n（3）封狼居胥、赢得仓皇北顾\n",
            "analysis": "\n",
            "index": 9,
            "score": 6
        },
        {
            "year": "2016",
            "category": "（新课标ⅱ）",
            "question": "名篇名句默写  \n补习出下列句子中的空缺部分。  \n（1）《孟子 •鱼我所欲也》中表示，生是我希望得到的，义也是我希望得到的 ，\n但“____1____，____2____”。 \n（2）李白《蜀道难》中 “____3____，____4_____”两句，以感叹的方式收束对蜀道凶\n险的描写，转入后文对人事的关注。  \n（3）杜牧《阿房宫赋》中以 “______5_____，____6______”描写阿房宫宫人的美丽，她们\n伫立远眺，盼望着皇帝临幸。\n",
            "answer": "（1）二者不可得兼，舍生而取义者也\n（2）其险也如此，嗟尔远道之人胡为乎来哉\n（3）一肌一容，尽态极妍\n",
            "analysis": "\n",
            "index": 10,
            "score": 6
        },
        {
            "year": "2016",
            "category": "（新课标ⅲ）",
            "question": "4．（6 分）名句默写 补写出下列句子中的空缺部分。 （1）《左传•曹刿论战》中记载，鲁庄公十年，齐国入侵，曹刿求见国君献策， 但他的乡人质疑道： （2）严格地说，浔阳并非绝对没有音乐，只是声音单调繁杂，实在难以入耳。 白居易《琵琶行》中 两句表达了这样的意思。 （3）在《赤壁赋》的开头，苏轼写自己与朋友泛舟赤壁之上，朗诵《诗经•陈风》 中的《月出》篇，即文中所谓 。\n",
            "answer": "【解答】①肉食者谋之，又何间焉 （重点字为“焉”） ②岂无山歌与村笛，呕哑嘲哳难为听 （重点词为“呕哑嘲哳”） ③诵明月之诗，歌窈窕之章 （重点字为“窈窕”）\n",
            "analysis": "【分析】此为理解类诗文默写．考生需在理解题目要求的基础上，选择原文中合 适的语句进行默写．\n",
            "index": 11,
            "score": 6
        },
        {
            "year": "2017",
            "category": "（新课标ⅰ）",
            "question": "名篇名句默写。补写出下列句子中的空缺部分。〔 5分〕  \n（1）曹操《观沧海》中 “___1___，___2___”两句描写了海水荡漾、\n峰峦矗立的景象。  \n（2）杜牧在《阿房宫赋》的结尾处感叹道，如果六国爱护自己的百姓，就足以\n抵抗秦国，紧接着说： “___3___，___4___，___5___？”\n",
            "answer": "（1）水何澹澹，山岛竦峙\n（2）使秦复爱六国之人，则递三世可至万世而为君，谁得而族灭也\n",
            "analysis": "\n",
            "index": 12,
            "score": 5
        },
        {
            "year": "2017",
            "category": "（新课标ⅱ）",
            "question": "名篇名句默写（ 本题共 1小题， 5分）  \n6．（ 5分）补写出下列句子中的空缺部分。  \n（1）《庄子 •逍遥游》中以八千年为一季的大椿为例，阐述何为 “大年 ”，随后指\n出八百岁的长寿老人实在不算什么： “____1____，___2____，___3____！” \n（2）刘禹锡在《陋室铭》中以 “___4___，___5____”来借指自己的陋室，抒发自\n己仰慕前贤、安贫乐道的情怀。\n",
            "answer": "（1）而彭祖乃今以久特闻，众人匹之，不亦悲乎\n（2）南阳诸葛庐，西蜀子云亭\n",
            "analysis": "\n",
            "index": 13,
            "score": 5
        },
        {
            "year": "2017",
            "category": "（新课标ⅲ）",
            "question": "名篇名句默写，补写出下列句子中的空缺部分。〔5分〕\n（1）《荀子•劝学》中强调了积累的重要。以积土成山、积水成渊可以兴风雨、\n生蛟龙设喻，引出“ ， ， ”的观点。\n（2）杜甫《茅屋为秋风所破歌》中，“ ， ”两句写狂\n风停止之后云层变得墨黑，天色马上暗下来，引出下文屋破又遭连夜雨的境\n况。\n",
            "answer": "（1）积善成德，而神明自得，圣心备焉（重点字：德）\n（2）俄顷风定云墨色，秋天漠漠向昏黑（重点字：俄顷）\n",
            "analysis": "【分析】此题考查了名句默写．命题改变以往给出上下，填写下句纯记忆型方式，\n而是改为通过名句含意的提示要求默写，这样就将记忆与理解紧密结合起\n来．因此，解题时必须注意：一是语意的提醒．二是注意难写字．\n",
            "index": 14,
            "score": 5
        },
        {
            "year": "2018",
            "category": "（新课标ⅰ）",
            "question": "名篇名句默写（ 本题共 1小题， 6分）  \n6．（ 6分）补写出下列句子中的空缺部分。  \n（1）《论语 •为政》中 “___1___，___2____”两句指出，成为教师的条件是温习学\n过的知识进而又能从中获得新的理解与体会。  \n（2）韩愈的《师说》是写给少年李蟠的。文末所说的 “___3____”，点出李蟠的文\n章爱好，而 “___4____”则说明了李蟠的儒学素养。  \n  （3）苏轼《念奴娇（大江东去）》中 “___5____”一句，写的是周瑜的儒将装束，\n“____6____”一句，表明了周瑜的赫赫战功。\n",
            "answer": "（1）温故而知新  可以为师矣\n（2）好古文  六艺经传皆通习之\n（3）羽扇纶巾  檣橹灰飞烟灭\n",
            "analysis": "\n",
            "index": 15,
            "score": 6
        },
        {
            "year": "2018",
            "category": "（新课标ⅱ）",
            "question": "名篇名句默写（ 本题共 1小题， 6分）  \n6．（ 6分）补写出下列句子中的空缺部分。  \n（1）《孟子 •鱼我所欲也》中说，虽然一点食物即可关乎生死，但若 “___1____”，\n饥饿的路人也不会接受：若 “___2____”即便是乞丐也会拒绝。  \n（2）白居易的《琵琶行》中 “___3____，___4___”两句写昔日的琵琶女身价很高，\n引来了众多纨绔子弟的追捧。  \n（3）苏轼《赤壁赋》中描写明月初升的句子是 “___5___，___6___”。\n",
            "answer": "（1）呼尔而与之  蹴尔而与之\n（2）五陵年少争缠头  一曲红绡不知数\n（3）月出于东山之上  徘徊于斗牛之间\n",
            "analysis": "\n",
            "index": 16,
            "score": 6
        },
        {
            "year": "2018",
            "category": "（新课标ⅲ）",
            "question": "名篇名句默写（本题共1小题，6分）\n6．（6分）补写出下列句子中的空缺部分。\n（1）《荀子•劝学》中举例论证借助外物的重要性时说，终日殚精竭虑思考，却\n“”，踮起脚极目远望，也“”。\n（2）诸葛亮在《出师表》中回顾汉代历史，认为亲近贤臣，疏远小人，“”；\n而亲近小人，疏远贤臣，“”。\n（3）李煜《虞美人（春花秋月何时了）》中，春花秋月之外，“”也是勾\n起作者故国之思的景象：而“”则是作者无尽愁绪的形象描绘。\n",
            "answer": "答案为：\n（1）不如须臾之所学也不如登高之博见也（重点字：须臾）\n（2）此先汉所以兴隆也此后汉所以倾颓也（重点字：隆、颓）\n（3）小楼昨夜又东风恰似一江春水向东流（重点字：似）\n",
            "analysis": "【分析】此题考查了名句默写。命题改变以往给出上下，填写下句纯记忆型方式，\n而是改为通过名句含意的提示要求默写，这样就将记忆与理解紧密结合起来。\n因此，解题时必须注意：一是语意的提醒。二是注意难写字。\n",
            "index": 17,
            "score": 6
        },
        {
            "year": "2019",
            "category": "（新课标ⅰ）",
            "question": "名篇名句默写（本题共1小题，6分）\n16.补写出下列句子中的空缺部分。\n（1）《庄子·逍遥游》中的斥鴳无法理解大鹏，称自己腾跃起飞，“______，______”，也\n就是飞行的极致了。\n（2）李白《蜀道难》中“______，______”两句，回顾了“五丁开山”的传说。\n（3）范仲淹《渔家傲（塞下秋来风景异）》中“______，______”两句，写戍边将士满怀思\n想的愁若，但末获胜利仍然不得还乡。\n",
            "answer": "【答案】(1).不过数仞而下，(2).翱翔蓬蒿之间(3).地崩山摧壮士死(4).\n然后天梯石栈相钩连(5).浊酒一杯家万里(6).燕然未勒归无计\n",
            "analysis": "【解析】\n【详解】此题考查学生对诗文的背诵、理解、默写能力。考查直接性默写和理解性默写两种\n类型，此题属于理解性默写。要求学生平时既要注意记忆、积累，同时在此基础上加以理解、\n应用和赏析。此题中需注意“仞”“翱翔”“蓬蒿”“栈”“勒”的书写。\n",
            "index": 18,
            "score": 6
        },
        {
            "year": "2019",
            "category": "（新课标ⅱ）",
            "question": "名篇名句默写（本题共1小题，6分）\n16.补写出下列句子中的空缺部分。\n（1）《邹忌讽齐王纳谏》中“____________，____________”，表现了主人公的形象之美。\n（2）杜牧《阿房宫赋》中“____________，____________”两句，写阿房宫占地极广且极\n为高大，以表现其雄壮之美。\n（3）苏轼在《赤壁赋》中以“____________，____________”两句，写出了婉转悠长、延\n绵不尽的乐声之美。\n",
            "answer": "【答案】(1).邹忌修八尺有余(2).而形貌昳丽(3).覆压三百余里(4).隔离\n天日(5).余音袅袅(6).不绝如缕\n",
            "analysis": "【解析】\n【详解】此题考查学生对古诗文的背诵、理解、默写能力。本题属于理解性情境默写，要求\n学生平时要注意记忆、积累。在做题时首先要读懂题干，明确要求。其次要镇定作答，规范\n写字。此题要注意的易错字有：昳、覆、袅、缕。\n",
            "index": 19,
            "score": 6
        },
        {
            "year": "2019",
            "category": "（新课标ⅲ）",
            "question": "名篇名句默写（本题共1小题，6分）\n16.补写出下列句子中的空缺部分。\n（1）《论语·子罕》中，孔子用“_________________，_________________”两句话阐明，\n一个普通人，也是有坚定志向的；要改变一个人的志向，是很困难的。\n（2）《师说》中，对于为子择诗自己却耻于学习这种现象，韩愈最后的评价是：\n“_________________，_________________”。\n（3）苏轼在《念奴娇（大江东去）》中，用“_________________，_________________”两\n句，表达了岁月虚度、只能借酒浇愁的无奈之感。\n",
            "answer": "【答案】(1).三军可夺帅也(2).匹夫不可夺志也(3).小学而大遗(4).吾未\n见其明也(5).人生如梦(6).一尊还酹江月\n",
            "analysis": "【解析】\n【详解】此题考查学生对诗文的背诵、理解、默写能力。考查直接性默写和理解性默写两种\n类型，此题属于理解性默写。要求学生平时既要注意记忆、积累，同时在此基础上加以理解、\n应用和赏析。此题中需注意“此题考查学生对诗文的背诵、理解、默写能力。考查直接性默\n写和理解性默写两种类型，此题属于理解性默写。要求学生平时既要注意记忆、积累，同时\n在此基础上加以理解、应用和赏析。此题中需注意“尊”“酹”的书写。\n",
            "index": 20,
            "score": 6
        },
        {
            "year": "2020",
            "category": "（全国卷Ⅲ）",
            "question": "名篇名句默写（本题共 1小题，6分） \n16.补写出下列句子中的空缺部分。  \n（1）在《论语 ·述而》中孔子指出，即使吃粗劣的食物，枕着胳膊睡觉，也可以乐在其中；而 “_______  \n_______ ，________________” 。 \n（2）白居易《观刈麦》中 “______________ ，________________” 两句，写劳动者珍惜夏日时光，不顾  \n劳累，也忘记了炎热。  \n（3）《阿房宫赋》中以一连串的排比夸张表现阿房宫的奢华，如写架起房梁的椽子 “______________”  \n，嘈杂的音乐声 “______________” 。\n",
            "answer": "【答案】  (1). 不义而富且贵  (2). 于我如浮云  (3). 力尽不知热  (4). 但惜夏日长  (5). 多于机上之工女  \n(6). 多于市人之言语\n",
            "analysis": "【解析】  \n【详解】本题主要考查默写常见的名句名篇的能力。本题是情景默写，注意认真审题选准所填语句，注意  \n重点字的写法，比如 “义、夏、工、市 ”等字。\n",
            "index": 21,
            "score": 6
        },
        {
            "year": "2020",
            "category": "（新课标Ⅰ卷）",
            "question": "名篇名句默写（本题共 1小题，6分）\n16.补写出下列句子中的空缺部分。\n（1）《离骚》中 “____________,____________” 两句对古代服饰的 “上衣下裳制 ”有所反映。\n（2）元代戏剧家马致远的杂剧《青衫泪》根据白居易的诗《琵琶行》改编而成，剧名来自诗中的 “_____\n_______,____________” 两句。 \n（3）在《水调歌头（明月几时有）》中，苏轼自言想要重返天上，但又有所顾虑，原因在于 “_________\n___,____________” 。\n",
            "answer": "【答案】     (1). 制芰荷以为衣兮     (2). 集芙蓉以为裳     (3). 座中泣下谁最多     (4). 江州司马青衫湿     (5). \n又恐琼楼玉宇     (6). 高处不胜寒\n",
            "analysis": "【解析】\n【详解】本题考查学生默写识记的能力。要求考生课下多读名篇，提高自己的语文素养。解答此类试题时\n，如果是情境默写，一定仔细斟酌提示语；默写要注意字形，而字形和字义分不开，学生应借助字义来识\n别字形。注意重点字词：芰荷，芙蓉，裳，座，衫，琼楼。  \n【点睛】名句默写分为两大类，一是给出语境的理解性默写，而是给出上句写下句的直接默写。默写要注\n意字形，注意易错字、生僻字及语气词的写法，字形和字义分不开，学生应借助字义来识别字形，不仅要\n在理解的基础上记忆，又要立足于 “写”，不要背下来了却因为书写错误而得不到该得的分数。\n",
            "index": 22,
            "score": 6
        },
        {
            "year": "2020",
            "category": "（新课标Ⅱ）",
            "question": "名篇名句默写（本题共1小题，6分）\n16.（1）《荀子·劝学》中举例说，笔直的木材如果“___________”，就会弯曲到符合圆规的\n标准；即使再经暴晒也不会挺直，因为“___________”。\n（2）欧阳修《醉翁亭记》中称出游时的食物都可来自山间，肥美的鱼从溪水中捕捞出，所谓\n“___________，___________”；而用泉水酿制的美酒，口味甘洌。\n（3）苏轼在《赤壁赋》中发议论说，江水不停地流去，“___________”；月亮时圆时缺，\n“___________”。\n",
            "answer": "【答案】 (1).輮以为轮 (2).輮使之然也 (3).临溪而渔 (4).溪深而鱼肥 (5).\n而未尝往也 (6).而卒莫消长也\n",
            "analysis": "【解析】\n【详解】本题考查名句的默写能力。高考所选择的名句大多出自课内所学篇目，只有少数来\n自课外，字不一定有多复杂，但一定很有迷惑性，默写要注意字形，而字形与字义分不开，\n学生应借助字义来识记字形。注意重点字的写法，如“輮”“卒”等，注意“而”字不要丢\n掉，要理解字义去记忆。学生记忆的时候应该结合诗句的意思。\n",
            "index": 23,
            "score": 6
        },
        {
            "year": "2021",
            "category": "（全国甲卷）",
            "question": "名篇名句默写（本题共1小题，6分）\n16.补写出下列句子中的空缺部分。（1）《左传·庄公十年》记载，长勺之战结束后，曹刿向鲁庄公解释说，确认齐军不是伪装败退进而决定\n追击，是因为“_______，_______”。\n（2）《庄子·逍遥游》引用志怪书《齐谐》的内容称，当大鹏迁往南海的时候，“_____________，\n____________”，乘着六月的大风飞去。\n（3）郦道元在《三峡》一文中引用渔歌“_________，_________”，来印证前文对哀猿长啸的描写。\n",
            "answer": "【答案】(1).(吾)视其辙乱(2).望其旗靡(3).水击三千里(4).抟扶摇而上者九万里(5).\n巴东三峡巫峡长(6).猿鸣三声泪沾裳\n",
            "analysis": "【解析】\n【分析】\n【详解】本题考查学生默写常见的名句名篇的能力。\n注意以下重点字的正确书写：辙、靡、抟、峡、裳。\n",
            "index": 24,
            "score": 6
        },
        {
            "year": "2021",
            "category": "（新课标ⅰ）",
            "question": "名篇名句默写（本题共1小题，6分）\n16.补写出下列句子中的空缺部分。\n（1）乐曲演奏过程中的停顿也有情感表达作用。白居易《琵琶行》中对此进行说明的诗\n句是：“______________，________________。”\n（2）即便“故国不堪回首”，李煜在《虞美人》（春花秋月何时了）中还是不由自主地\n想到自己当年在金陵的宫殿，慨叹已物是人非：“________________，\n________________”。\n（3）范仲淹《岳阳楼记》中描写了春日的洞庭湖景色，其中写到花草的句子是：\n“______________，_______________。”\n",
            "answer": "【答案】(1).别有幽愁暗恨生(2).此时无声胜有声(3).雕栏玉砌应犹在\n(4).只是朱颜改(5).岸芷汀兰(6).郁郁青青\n",
            "analysis": "【解析】【分析】\n【详解】本题考查学生默写常见的名句名篇的能力。\n本题中需要注意的字形有：“幽”“砌”“芷”。\n",
            "index": 25,
            "score": 6
        },
        {
            "year": "2022",
            "category": "（全国乙卷）",
            "question": "名篇名句默写（本题共1小题，6分）\n16.补写出下列句子中的空缺部分。\n（1）白居易《琵琶行》中“_______，_____”两句，写琵琶女以娴熟的技艺演奏了当时有\n名的两首乐曲。\n（2）李商隐《锦瑟》“__________，_________”两句中的数目字，引发了后世读者的多种\n解读。\n（3）龚自珍《己亥杂诗》（其五）中“_________，___________”两句，以花落归根为喻，\n抒发了诗人虽然辞官，但仍关心国家前途命运的情怀。\n",
            "answer": "【答案】 ①.轻拢慢捻抹复挑 ②.初为《霓裳》后《六幺》 ③.锦瑟无端五十\n弦 ④.一弦一柱思华年 ⑤.落红不是无情物 ⑥.化作春泥更护花\n",
            "analysis": "【解析】\n【详解】本题考查学生默写常见的名句名篇的能力。\n考生要注意下列字词的书写：拢、捻、霓。\n",
            "index": 26,
            "score": 6
        },
        {
            "year": "2022",
            "category": "（全国甲卷）",
            "question": "名篇名句默写（本题共1小题，6分）\n16.补写出下列句子中的空缺部分。\n（1）《诗经·卫风·氓》中男女主人公有过偷悦的往昔，“_______________，\n_______________”，就是对他们小时候欢乐相处的描写。\n（2）杜甫《登高》中“_______________，_______________”两句都使用了叠字，从听觉、\n视觉上突出了对景伤怀的感受。\n（3）辛弃疾《永遇乐·京口北固亭怀古》中“_______________，_______________”两句，\n表现了当年刘裕率军北伐时的强大气势。\n",
            "answer": "【答案】 ①.总角之宴 ②.言笑晏晏 ③.无边落木萧萧下 ④.不尽长江滚\n滚来 ⑤.金戈铁马 ⑥.气吞万里如虎\n",
            "analysis": "【解析】17【详解】本题考查学生默写常见的名句名篇的能力。\n本题默写时要注意以下重点字词：“宴”“晏”“萧萧”“戈”等。\n",
            "index": 27,
            "score": 6
        }
    ]
}