{
    "keywords": "2010-2022_Physics_Open-ended_Questions",
    "example": [
        {
            "year": "2010",
            "category": "（全国卷ⅱ）",
            "question": "12. (18 分) 小球 $\\mathrm{A}$ 和 $\\mathrm{B}$ 的质量分别为 $\\mathrm{m}_{\\mathrm{A}}$ 和 $\\mathrm{m}_{\\mathrm{B}}$, 且 $\\mathrm{m}_{\\mathrm{A}}>\\mathrm{m}_{\\mathrm{B}}$. 在某高度处将 $\\mathrm{A}$ 和 $\\mathrm{B}$ 先后从静止释放. 小球 $\\mathrm{A}$ 与水平地面碰撞后向上弹回, 在释放处的下方 与释放处距离为 $\\mathrm{H}$ 的地方恰好与正在下落的小球 $\\mathrm{B}$ 发生正碰. 设所有碰撞都 是弹性的, 碰撞时间极短. 求小球 $\\mathrm{A} 、 \\mathrm{~B}$ 碰撞后 $\\mathrm{B}$ 上升的最大高度.\n",
            "answer": "$B$ 上升的最大高度是 $\\left(\\frac{3 m_{\\hat{A}}-m_{B}}{m_{\\hat{A}}+m_{B}}\\right)^{2} H$.\n",
            "analysis": "解: 小球 $\\mathrm{A}$ 与地面的碰撞是弹性的, 而且 $\\mathrm{AB}$ 都是从同一高度释放的, 所以 $\\mathrm{AB}$ 碰撞前的速度大小相等设为 $\\mathrm{v}_{0}$,\n\n根据机械能守恒有 $\\mathrm{m}_{\\mathrm{A}} \\mathrm{gH}=\\frac{1}{2} \\mathrm{~m}_{\\mathrm{A}} \\mathrm{v}_{0}^{2}$\n\n化简得 $\\mathrm{v}_{0}=\\sqrt{2 \\mathrm{gH}}(1)$\n\n设 $A 、 B$ 碰撞后的速度分别为 $v_{A}$ 和 $v_{B}$, 以坚直向上为速度的正方向, 根据 $\\mathrm{A} 、 \\mathrm{~B}$ 组成的系统动量守恒和动能守恒得\n\n$$\n\\begin{aligned}\n& m_{A} v_{0}-m_{B} v_{0}=m_{A} v_{A}+m_{B} v_{B}(2) \\\\\n& \\frac{1}{2} m_{A} v_{0}^{2}+\\frac{1}{2} m_{B} v_{0}^{2}=\\frac{1}{2} m_{A} v_{A}^{2}+\\frac{1}{2} m_{B} v_{B}^{2}(3)\n\\end{aligned}\n$$\n\n联立(2)(3)化简得 $\\quad v_{B}=\\frac{3 m_{A}-m_{B}}{m_{A}+m_{B}} v_{0}$ (4)\n\n设小球 $\\mathrm{B}$ 能够上升的最大高度为 $\\mathrm{h}$,\n\n由运动学公式得 $\\quad \\mathrm{h}=\\frac{\\mathrm{v}_{\\mathrm{B}}^{2}}{2 \\mathrm{~g}}{ }_{0}(5)$\n\n联立(1)(4)(5)化简得 $\\mathrm{h}=\\left(\\frac{3 m_{\\dot{A}}-m_{B}}{m_{\\dot{A}}+m_{B}}\\right)^{2} H^{(6}$\n",
            "index": 0,
            "score": 18
        },
        {
            "year": "2010",
            "category": "（新课标ⅰ）",
            "question": "11. (14 分) 短跑名将博尔特在北京奥运会上创造了 $100 \\mathrm{~m}$ 和 $200 \\mathrm{~m}$ 短跑项目的 新世界纪录, 他的成绩分别是 $9.69 \\mathrm{~s}$ 和 $19.30 \\mathrm{~s}$ 。假定他在 $100 \\mathrm{~m}$ 比赛时从发令 到起跑的反应时间是 $0.15 \\mathrm{~s}$, 起跑后做匀加速运动, 达到最大速率后做匀速运 动. $200 \\mathrm{~m}$ 比赛时, 反应时间及起跑后加速阶段的加速度和加速时间与 $100 \\mathrm{~m}$ 比 赛时相同, 但由于弯道和体力等因素的影响, 以后的平均速率只有跑 $100 \\mathrm{~m}$ 时 最大速率的 $96 \\%$. 求:\n\n(1) 加速所用时间和达到的最大速率。\n\n（2）起跑后做匀加速运动的加速度。（结果保留两位小数）\n",
            "answer": "(1) 加速所用时间是 $1.29 \\mathrm{~s}$, 达到的最大速率是 $11.24 \\mathrm{~m} / \\mathrm{s}$ 。\n\n（2）起跑后做匀加速运动的加速度是 $8.71 \\mathrm{~m} / \\mathrm{s}^{2}$ 。\n",
            "analysis": "解: （1）设加速所用时间 $\\mathrm{t}$ 和达到的最大速率 $\\mathrm{v}$,\n\n$100 \\mathrm{~m}$ 比赛时有,\n\n$\\frac{0+v}{2} t+v(9.69-0.15-t)=10 C$\n\n$200 \\mathrm{~m}$ 比赛时有，\n\n$\\frac{0+v}{2} t+96 \\% v(19.30-0.15-t)=20 c$\n\n联立解得: $t=1.29 \\mathrm{~s}, \\mathrm{v}=11.24 \\mathrm{~m} / \\mathrm{s}$\n\n（2）设起跑后做匀加速运动的加速度 $\\mathrm{a}$,\n\n则 $v=a t$,\n\n解得: $a=8.71 \\mathrm{~m} / \\mathrm{s}^{2}$\n",
            "index": 1,
            "score": 14
        },
        {
            "year": "2011",
            "category": "（新课标）",
            "question": "13. 对于一定量的理想气体, 下列说法正确的是（）\nA. 若气体的压强和体积都不变, 其内能也一定不变\nB. 若气体的内能不变, 其状态也一定不变\nC. 若气体的温度随时间不断升高, 其压强也一定不断增大\nD. 气体温度每升高 $1 \\mathrm{~K}$ 所吸收的热量与气体经历的过程有关\nE. 当气体温度升高时, 气体的内能一定增大 14. 如图, 一上端开口、下端封闭的细长玻璃管, 下部有长 $1_{1}=66 \\mathrm{~cm}$ 的水银柱, 中间封有长 $1_{2}=6.6 \\mathrm{~cm}$ 的空气柱, 上部有长 $1_{3}=44 \\mathrm{~cm}$ 的水银柱, 此时水银面恰 好与管口平齐。已知大气压强为 $\\mathrm{P}_{0}=76 \\mathrm{cmHg}$. 如果使玻璃管绕底端在坚直平 面内缓慢地转动一周, 求在开口向下和转回到原来位置时管中空气柱的长度。 封入的气体可视为理想气体, 在转动过程中没有发生漏气。\n",
            "answer": "ADE\n",
            "analysis": "解：A、由理想气体的状态方程可知, 若气体的压强和体积都不变, 则 其温度不变，其内能也一定不变，故 $\\mathrm{A}$ 正确;\n\nB、若气体的内能不变, 则气体的温度不变, 气体的压强与体积可能发生变化, 气体的状态可能变化, 故 B 错误;\n\nC、由理想气体的状态方程可知, 若气体的温度 $\\mathrm{T}$ 随时间升高, 体积同时变大, 其压强可能不变，故 $\\mathrm{C}$ 错误;\n\nD、气体绝热压缩或膨胀时, 气体不吸热也不放热, 气体内能发生变化, 温度升 高或降低, 在非绝热过程中, 气体内能变化, 要吸收或放出热量, 由此可知 气体温度每升高 $1 \\mathrm{~K}$ 所吸收的热量与气体经历的过程有关, 故 D 正确;\n\nE、理想气体内能由温度决定, 当气体温度升高时, 气体的内能一定增, 故 E 正 确;\n",
            "index": 2,
            "score": 6
        },
        {
            "year": "2011",
            "category": "（新课标）",
            "question": "15. 一振动周期为 $\\mathrm{T}$ 、振幅为 $\\mathrm{A}$ 、位于 $\\mathrm{x}=0$ 点的波源从平衡位置沿 $\\mathrm{y}$ 轴正向开始 做简谐运动. 该波源产生的一维简谐横波沿 $\\mathrm{x}$ 轴正向传播, 波速为 $\\mathrm{v}$, 传播过 程中无能量损失. 一段时间后, 该振动传播至某质点 $\\mathrm{P}$, 关于质点 $\\mathrm{P}$ 振动的 说法正确的是 $(\\quad)$\nA. 振幅一定为 $\\mathrm{A}$\nB. 周期一定为 $\\mathrm{T}$\nC. 速度的最大值一定为 $\\mathrm{v}$\nD. 开始振动的方向沿 $\\mathrm{y}$ 轴向上或向下取决于它离波源的距离\nE. 若 $P$ 点与波源距离 $s=v T$, 则质点 $P$ 的位移与波源的相同\n",
            "answer": "$\\mathrm{ABE}$\n",
            "analysis": "解： $\\mathrm{A} 、 \\mathrm{~B} 、 \\mathrm{D}$ 波传播过程中, 各振动质点的振动周期、振幅、起振方 向都和波源质点相同, $\\mathrm{A} 、 \\mathrm{~B}$ 正确， $\\mathrm{D}$ 错误;\n\nC、质点的振动速度大小跟波速无关, $\\mathrm{C}$ 错误;\n\n$E 、 \\mathrm{~s}=\\mathrm{vT}$, 则 $\\mathrm{s}$ 等于一个波长, 即 $\\mathrm{P}$ 点与波源质点相位相同, 振动情况总相同, 位移总相同, $\\mathrm{E}$ 正确。\n",
            "index": 3,
            "score": 6
        },
        {
            "year": "2011",
            "category": "（新课标）",
            "question": "17. 在光电效应实验中, 某金属的截止频率相应的波长为 $\\lambda_{0}$, 该金属的逸出功为 。若用波长为 $\\lambda\\left(\\lambda<\\lambda_{0}\\right)$ 的单色光做该实验, 则其遏止电压为 。已知 电子的电荷量、真空中的光速和普朗克常量分别为 $e 、 c$ 和 $h$ 。\n",
            "answer": "$\\frac{h}{h} \\frac{c}{\\lambda_{0}}, \\frac{h c}{e^{\\lambda}}-\\frac{h c}{e^{\\lambda_{0}}}$ 。\n",
            "analysis": "解：金属的逸出功 $W_{0}=\\mathrm{h} \\gamma_{0}=h_{\\frac{c}{}}^{\\lambda_{0}}$ 。\n\n根据光电效应方程知 $E_{k m}=h \\frac{c}{\\lambda}-h \\frac{c}{\\lambda_{0}}$, 又 $E_{k m}=e U$, 则遏止电压 $U=\\frac{h c}{e^{\\lambda}}-\\frac{h c}{e^{\\lambda}}$\n",
            "index": 4,
            "score": 6
        },
        {
            "year": "2012",
            "category": "（新课标）",
            "question": "13. 关于热力学定律, 下列说法正确的是（）\nA. 为了增加物体的内能, 必须对物体做功或向它传递热量\nB. 对某物体做功, 必定会使该物体的内能增加\nC. 可以从单一热源吸收热量, 使之完全变为功\nD. 不可以从单一热源吸收热量, 使之完全变为功\nE. 功转变为热的实际宏观过程是不可逆过程.\n",
            "answer": "ACE\n",
            "analysis": "解：A、做功和热传递是改变物体内能的两种方法, 故 A 正确;\n\nB、做功和热传递是改变物体内能的两种方法, 仅对物体做功, 物体内能不一定 增加, 故 B 错误;\n\nC、D、热力学第二定律可以表示为: 不可能制成一种循环动作的热机, 从单一 热源取热, 使之完全变为功而不引起其它变化。这句话强调的是不可能“不产 生其它变化\"; 即在引起其他变化是可能的; 故 C 正确, D 错误;\n\nE、热力学第二定律的实质: 一切与热现象有关的实际宏观过程都是不可逆的, 故 E 正确。\n",
            "index": 5,
            "score": 6
        },
        {
            "year": "2013",
            "category": "（新课标ⅰ）",
            "question": "13. （6 分) 两个相距较远的分子仅在分子力作用下由静止开始运动, 直至不再 靠近。在此过程中, 下列说法正确的是（）\nA. 分子力先增大, 后一直减小\nB. 分子力先做正功, 后做负功\nC. 分子动能先增大，后减小\nD. 分子势能先增大，后减小\nE. 分子势能和动能之和不变\n",
            "answer": "BCE\n",
            "analysis": "解: A、两个相距较远的分子仅在分子力作用下由静止开始运动, 直至 不再靠近的过程中, 当分子间距大于平衡间距时, 分子力表现为引力; 当分 子间距小于平衡间距时, 分子力表现为斥力；故 $A$ 错误;\n\nB、两个相距较远的分子仅在分子力作用下由静止开始运动, 直至不再靠近的过 程中, 分子力先是引力后是斥力, 故先做正功后做负功, 故 B 正确;\n\nC、只有分子力做功, 先做正功后做负功, 根据动能定理, 动能先增加后减小, 故 C 正确;\n\nD、分子力先做正功后做负功; 分子力做功等于分子势能的减小量; 故分子势能 先减小后增加, 故 D 错误;\n\nE、分子力做功等于分子势能的减小量, 总功等于动能增加量, 只有分子力做功, 故分子势能和分子动能总量保持不变, 故 $E$ 正确;\n",
            "index": 6,
            "score": 6
        },
        {
            "year": "2013",
            "category": "（新课标ⅰ）",
            "question": "17. 一质子束入射到能止靶核 ${ }_{13}^{2 T} \\mathrm{Al}$ 上，产生如下核反应: $\\mathrm{P}+{ }_{13}^{2 T} \\mathrm{Al} \\rightarrow \\mathrm{X}+\\mathrm{n}$ 式中 $\\mathrm{p}$ 代表质子, $\\mathrm{n}$ 代表中子, $\\mathrm{X}$ 代表核反应产生的新核. 由反应式可知, 新核 $\\mathrm{X}$ 的 质子数为 , 中子数为\n",
            "answer": "1413 .\n",
            "analysis": "解：质子的电荷数为 1 , 质量数为 1 , 中子的电荷数为 0 , 质量数为 1 . 根据电荷数守恒、质量数守恒, $X$ 的质子数为 $1+13-0=14$, 质量数为 $1+27-1=27$. 因为质量数等于质子数和中子数之和, 则新核的中子数为 $27-14=13$\n",
            "index": 7,
            "score": 6
        },
        {
            "year": "2013",
            "category": "（新课标ⅰ）",
            "question": "18. 在粗䊁的水平桌面上有两个静止的木块 $\\mathrm{A}$ 和 $\\mathrm{B}$, 两者相距为 $\\mathrm{d}$ 。现给 $\\mathrm{A}$ 一初 速度, 使 $\\mathrm{A}$ 与 $\\mathrm{B}$ 发生弹性正碰, 碰撞时间极短。当两木块都停止运动后, 相 距仍然为 $\\mathrm{d}$ 。已知两木块与桌面之间的动摩擦因数均为 $\\mu, B$ 的质量为 $\\mathrm{A}$ 的 2 倍, 重力加速度大小为 $g$ 。求 $A$ 的初速度的大小。\n",
            "answer": "$A$ 的初速度的大小是 $v_{0}=\\sqrt{\\frac{28 \\mu \\mathrm{gd}}{5}}$ 。\n",
            "analysis": "解: 设在发生碰撞前的瞬间, 木块 $A$ 的速度大小为 $\\mathrm{v}$;\n\n在碰撞后的瞬间, $A$ 和 $B$ 的速度分别为 $v_{1}$ 和 $v_{2}$ 。\n\n在碰撞过程中, 由能量守恒定律和动量守恒定律。得\n\n$\\frac{1}{2} m v^{2}=\\frac{1}{2} m v_{1}^{2}+\\frac{1}{2} \\cdot 2 m v_{2}^{2}$,\n\n$m v=m v_{1}+2 m v_{2}$, 式中, 以碰撞前木块 $A$ 的速度方向为正。\n\n联立解得: $v_{1}=-\\frac{1}{2} v_{2}$ 。\n\n设碰撞后 $A$ 和 $B$ 运动的距离分别为 $d_{1}$ 和 $d_{2}$,\n\n由动能定理得 $\\mu \\mathrm{mgd}_{1}=\\frac{1}{2} \\mathrm{mv}_{1}{ }^{2}$ 。\n\n$\\mu(2 \\mathrm{~m}) \\mathrm{gd}_{2}=\\frac{1}{2} 2 \\mathrm{mv}_{2}{ }^{2}$ 。\n\n按题意有: $d=d_{2}+d_{1}$ 。\n\n设 $A$ 的初速度大小为 $v_{0}$, 由动能定理得 $-\\mu m g d=\\frac{1}{2} m v^{2}-\\frac{1}{2} m v_{0}{ }^{2}$\n\n联立解得: $v_{0}=\\sqrt{\\frac{28 \\mu \\mathrm{gd}}{5}}$\n",
            "index": 8,
            "score": 9
        },
        {
            "year": "2013",
            "category": "（新课标ⅱ）",
            "question": "13.（5 分）关于一定量的气体, 下列说法正确的是（ ）\n\nA. 气体的体积指的是该气体的分子所能到达的空间的体积, 而不是该气体所 有分子体积之和\n\nB. 只要能减弱气体分子热运动的剧烈程度, 气体的温度就可以降低 \nC. 在完全失重的情况下, 气体对容器壁的压强为零\nD. 气体从外界吸收热量, 其内能一定增加\nE. 气体在等压膨胀过程中温度一定升高\n",
            "answer": "$A B E$\n",
            "analysis": "解：A、气体的体积指的是该气体的分子所能到达的空间的体积, $A$ 正 确;\n\nB、温度高，气体分子热运动就剧烈， B 正确;\n\nC、在完全失重的情况下, 分子运动不停息, 气体对容器壁的压强不为零, $C$ 错 误\n\nD、做功也可以改变物体的内能，D 错误;\n\n$E$ 、气体在等压膨胀过程中温度一定升高, $E$ 正确。\n",
            "index": 9,
            "score": 5
        },
        {
            "year": "2013",
            "category": "（新课标ⅱ）",
            "question": "17. 关于原子核的结合能, 下列说法正确的是（）\nA. 原子核的结合能等于使其完全分解成自由核子所需的最小能量\nB. 一重原子核衰变成 $\\alpha$ 粒子和另一原子核, 衰变产物的结合能之和一定大于 原来重核的结合能\n",
            "answer": "$A B C$\n",
            "analysis": "解: $A$ 、原子核的结合能等于使其完全分解成自由核子所需的最小能量, A 正确;\n\nB、结合能是指使物质分解的能量, 物质越稳定, 这个能量越大, 释放完能量后, 物质为低能状态, 更稳定, 更不易分解, 所以结合能变大, 故 B 正确;\n\nC、铯原子核与原子核都是中等质量的原子核, 铯原子核 $\\left({ }_{55}^{133} \\mathrm{Cs}\\right)$ 的比结合能 比铅原子核（ $\\left.{ }_{82}^{208} \\mathrm{~Pb}\\right)$ 的比结合能略大, 而铅原子核中的核子数比铯原子核 的核子数多一半, 所以铯原子核 $\\left({ }_{55}^{133} \\mathrm{Cs}\\right)$ 的结合能一定小于铅原子核（ $\\left.{ }_{82}^{208} \\mathrm{~Pb}\\right)$ 的结合能, 故 C 正确;\n\nD、比结合能越大，原子核越稳定, $D$ 错误;\n\nE、自由核子组成原子核时, 其质量亏损所对应的能量等于该原子核的结合能, $E$ 错误;\n",
            "index": 10,
            "score": 6
        },
        {
            "year": "2014",
            "category": "（新课标ⅰ）",
            "question": "11. （12 分) 公路上行驶的两辆汽车之间应保持一定的安全距离。当前车突然 停止时, 后车司机可以采取刹车措施, 使汽车匀减速在安全距离内停下而不 会与前车相碰。通常情况下,人的反应时间和汽车系统的反应时间之和为 $1 \\mathrm{~s}$ （ 这一时间段内车仍保持匀速）。当汽车在晴天干燥沥青路面上以 $108 \\mathrm{~km} / \\mathrm{h}$ 的 速度匀速行驶时, 安全距离为 $120 \\mathrm{~m}$ 。设雨天时汽车匀减速时的加速度为晴天 时的 $\\frac{2}{5}$, 若要求安全距离仍为 $120 \\mathrm{~m}$, 求汽车在雨天安全行驶的最大速度。\n",
            "answer": "汽车在雨天安全行驶的最大速度为 $20 \\mathrm{~m} / \\mathrm{s}$\n",
            "analysis": "解：设路面干燥时, 汽车杀车时的加速度大小为 $\\mathrm{a}_{0}$, 安全距离为 $\\mathrm{s}$, 反 映时间为 $\\mathrm{t}_{0}$, 由运动学公式得:\n\n$s=v_{0} t_{0}+\\frac{v_{0}^{2}}{2 \\mathrm{a}_{0}} \\ldots$.\n\n式中, $\\mathrm{v}_{0}$ 为汽车杀车前的速度。\n\n设在雨天行驶时汽车杀车的加速度大小为 $\\mathrm{a}$, 安全行驶的最大速度为 $\\mathrm{v}$, 由运动 学公式得:\n\n$s=\\mathrm{vt}_{0}+\\frac{\\mathrm{v}^{2}}{2 \\mathrm{a}} \\ldots(2)$\n\n依题意有： $a=\\frac{2}{5} a_{0} \\ldots(3)$\n\n联立(1)(2)(3)式并代入题给数据得: $v=20 \\mathrm{~m} / \\mathrm{s}$\n",
            "index": 11,
            "score": 12
        },
        {
            "year": "2014",
            "category": "（新课标ⅰ）",
            "question": "14. （9 分）一定质量的理想气体被活塞封闭在坚直放置的圆柱形气缸内, 气缸 壁导热良好, 活塞可沿气缸壁无摩擦地滑动. 开始时气体压强为 $\\mathrm{p}$, 活塞下表 面相对于气缸底部的高度为 $\\mathrm{h}$, 外界的温度为 $\\mathrm{T}_{0}$, 现取质量为 $\\mathrm{m}$ 的沙子缓慢 地倒在活塞的上表面, 沙子倒完时, 活塞下降了 $\\frac{\\mathrm{h}}{4}$, 若此后外界的温度变为 $\\mathrm{T}$ , 求重新达到平衡后气体的体积. 已知外界大气的压强始终保持不变、重力 加速度大小为 $g$.\n",
            "answer": "重新达到平衡后气体的体积为 $\\frac{9 \\mathrm{mgTh}}{4 \\mathrm{pt}}$.\n",
            "analysis": "解：设大气与活塞对气体的总压强为 $\\mathrm{p}$, 活塞横截面积为 $\\mathrm{S}$, 气体末状态的压强 $\\mathrm{p}^{\\prime}=\\mathrm{p}+\\frac{\\mathrm{mg}}{\\mathrm{S}}$, 体积 $\\mathrm{V}^{\\prime}=\\left(\\mathrm{h}^{-} \\frac{1}{4} \\mathrm{~h}\\right) \\mathrm{S}=\\frac{3}{4} \\mathrm{Sh}$,\n\n由玻意耳定律得: $\\mathrm{pV}=\\mathrm{p}^{\\prime} \\mathrm{V}^{\\prime}$,\n\n即: $\\mathrm{pSh}=\\left(\\mathrm{p}+\\frac{m \\mathrm{~g}}{\\mathrm{~S}}\\right) \\frac{3}{4} \\mathrm{Sh} \\ldots$ (1)\n\n由(1)式得 $\\frac{m g}{S}=\\frac{1}{3} p \\ldots(2)$\n\n外界的温度变为 $\\mathrm{T}$ 后, 设活塞下表面相对于气缸底部的高度为 $\\mathrm{h}^{\\prime}$, 根据盖 - 吕萨 克定律, 得; $\\frac{\\frac{3}{4} S h}{T_{0}}=\\frac{h^{\\prime} S}{T} \\ldots(3)$\n\n解得 $h^{\\prime}=\\frac{3 \\mathrm{~T}}{4 \\mathrm{~T}_{0}} h \\ldots$ (4)\n\n气体最后的体积为 $V=h^{\\prime} S \\ldots(5)$\n\n联立(2)(4)(5)可得 $\\mathrm{V}=\\frac{9 \\mathrm{mgTh}}{4 \\mathrm{pT} \\mathrm{T}_{0}}$.\n",
            "index": 12,
            "score": 9
        },
        {
            "year": "2014",
            "category": "（新课标ⅰ）",
            "question": "17. 关于天然放射性, 下列说法正确的是（）\nA. 所有元素都可能发生衰变\nB. 放射性元素的半衰期与外界的温度无关\nC. 放射性元素与别的元素形成化合物时仍具有放射性\nD. $\\alpha 、 \\beta$ 和 $\\gamma$ 三种射线， $\\gamma$ 射线的穿透力最强\nE. 一个原子核在一次衰变中可同时放出 $\\alpha 、 \\beta$ 和 $\\gamma$ 三种射线\n",
            "answer": "BCD\n",
            "analysis": "解: A、有些原子核不稳定, 可以自发地衰变, 但不是所有元素都可能 发生衰变, 故 A 错误;\n\nB、放射性元素的半衰期由原子核决定, 与外界的温度无关, 故 B 正确;\n\nC、放射性元素的放射性与核外电子无关, 故放射性元素与别的元素形成化合物 时仍具有放射性, 故 C 正确;\n\n$D 、 \\alpha 、 \\beta$ 和 $\\gamma$ 三种射线， $\\gamma$ 射线的穿透力最强，电离能力最弱，故 D 正确;\n\nE、一个原子核在一次衰变中不可能同时放出 $\\alpha 、 \\beta$ 和 $\\gamma$ 三种射线, 故 E 错误。\n",
            "index": 13,
            "score": 6
        },
        {
            "year": "2014",
            "category": "（新课标ⅱ）",
            "question": "13. 下列说法正确的是（ $）$\nA. 悬浮在水中的花粉的布朗运动反映了花粉分子的热运动\nB. 空气的小雨滴呈球形是水的表面张力作用的结果\nC. 彩色液晶显示器利用了液晶的光学性质具有各向异性的特点\nD. 高原地区水的沸点较低, 这是高原地区温度较低的缘故\n\nE. 干湿泡温度计的湿泡显示的温度低于干泡显示的温度, 这是湿泡外纱布中 的水蒸发吸热的结果\n",
            "answer": "BCE\n",
            "analysis": "解:\n\nA、布朗运动是悬浮在水中花粉的无规则运动, 由于花粉是由大量花粉分子组成 的, 所以布朗运动不能反映了花粉分子的热运动, 故 $\\mathrm{A}$ 错误;\n\nB、空气的小雨滴呈球形是水的表面张力使雨滴表面有收缩的趋势的结果, 故 B 正确;\n\nC、液晶像液体一样具有流动性, 而其光学性质与某些晶体相似具有各向异性, 彩色液晶显示器利用了液晶的光学性质具有各向异性的特点, 故 C 正确;\n\nD、高原地区水的沸点较低, 这是高原地区气压较低的缘故, 故 D 错误;\n\nE、干湿泡温度计的湿泡显示的温度低于干泡显示的温度, 是因为湿泡外纱布中 的水蒸发吸热, 故 E 正确。\n",
            "index": 14,
            "score": 6
        },
        {
            "year": "2014",
            "category": "（新课标ⅱ）",
            "question": "17. 在人类对微观世界进行探索的过程中, 科学实验起到了非常重要的作用. 下 列说法符合历史事实的是（ $)$\n\nA. 密立根通过油滴实验测得了基本电荷的数值 B. 贝克勒尔通过对天然放射性现象的研究, 发现了原子中存在原子核\n\nC. 居里夫妇从沥青铀矿中分离出了钋 $\\left(\\mathrm{P}_{0}\\right)$ 和镭 $\\left(\\mathrm{R}_{\\mathrm{a}}\\right)$ 两种新元素\n\nD. 卢瑟福通过 $\\mathrm{a}$ 粒子散射实验, 证实了在原子核内存在质子\n\nE. 汤姆孙通过阴极射线在电场和在磁场中的偏转实验, 发现了阴极射线是由 带负电的粒子组成, 并测出了该粒子的比荷\n",
            "answer": "$\\mathrm{ACE}$\n",
            "analysis": "解:\n\nA、密立根通过油滴实验测得了基本电荷的数值 $e \\approx 1.6 \\times 10^{-19} \\mathrm{C}$, 故 $\\mathrm{A}$ 正确; B、贝克勒尔通过对天然放射性现象的研究, 证明原子核有复杂结构, $\\alpha$ 粒子散 射实验说明原子中存在原子核，故 B 错误;\n\nC、居里夫妇从沥青铀矿中分离出了钋 $\\left(\\mathrm{P}_{0}\\right)$ 和镭 $\\left(\\mathrm{R}_{\\mathrm{a}}\\right)$ 两种新元素, 故 $\\mathrm{C}$ 正确;\n\nD、卢瑟福通过 a 粒子散射实验, 证实了原子是由原子核和核外电子组成的, 而 不能说明原子核内存在质子, 故 D 错误;\n\nE、汤姆孙通过阴极射线在电场和在磁场中的偏转实验, 发现了阴极射线是由带 负电的粒子组成, 并测出该粒子的比荷, 故 $\\mathrm{E}$ 正确。\n",
            "index": 15,
            "score": 6
        },
        {
            "year": "2015",
            "category": "（新课标ⅰ）",
            "question": "13.（5 分）下列说法正确的是（）\n\nA. 将一块晶体敲碎后, 得到的小颗粒是非晶体\n\nB. 固体可以分为晶体和非晶体两类, 有些晶体在不同方向上有不同的光学性 㢀\n\nC. 由同种元素构成的固体，可能会由于原子的排列方式不同而成为不同的晶 体 D. 在合适的条件下, 某些晶体可以转变为非晶体, 某些非晶体也可以转变为 晶体\n\nE. 在熔化过程中, 晶体要吸收热量, 但温度保持不变, 内能也保持不变\n",
            "answer": "BCD\n",
            "analysis": "解： $A$ 、将一块晶体敲碎后, 得到的小颗粒还是晶体, 选项 $A$ 错误。\n\nB、固体可以分为晶体和非晶体两类, 有些晶体在不同方向上各向异性, 具有不 同的光学性质, 选项 $B$ 正确。\n\nC、由同种元素构成的固体, 可能会由于原子的排列方式不同而成为不同的晶体, 例如石墨和金刚石。选项 C 正确。\n\nD、在合适的条件下, 某些晶体可以转变为非晶体, 某些非晶体也可以转变为晶 体, 例如天然石英是晶体, 熔融过的石英却是非晶体。把晶体硫加热熔化（ 温度超过 $300^{\\circ} \\mathrm{C}$ ) 再倒进冷水中, 会变成柔软的非晶硫, 再过一段时间又会转 化为晶体硫。所以选项 D 正确。\n\nE、在熔化过程中, 晶体要吸收热量, 虽然温度保持不变, 但是内能要增加。选 项 $\\mathrm{E}$ 错误\n",
            "index": 16,
            "score": 5
        },
        {
            "year": "2015",
            "category": "（新课标ⅰ）",
            "question": "15. 在双缝干涉实验中, 分别用红色和绿色的激光照射用同一双缝, 在双缝后的 屏幕上，红光的干涉条纹间距 $\\triangle \\mathrm{x}_{1}$ 与绿光的干涉条纹间距 $\\triangle \\mathrm{x}_{2}$ 相比, $\\triangle \\mathrm{x}_{1}$ $\\triangle \\mathrm{x}_{2}$ （填 “>\"“=\"或 “ $<$ \")， 若实验中红光的波长为 $630 \\mathrm{~nm}$, 双缝与屏幕的距 离为 $1.00 \\mathrm{~m}$, 测得地 1 条到第 6 条亮条纹中心间的距离为 $10.5 \\mathrm{~mm}$, 则双缝之 间的距离为 $\\mathrm{mm}$ 。\n",
            "answer": "$>, 0.3$\n",
            "analysis": "解: 红光的波长大于绿光的波长, 由公式 $\\triangle \\mathrm{x}=\\frac{1}{\\mathrm{~d}} \\lambda$, 可知红光的干涉条 纹间距 $\\triangle \\mathrm{x}_{1}$ 与绿光的干涉条纹间距 $\\triangle \\mathrm{x}_{2}$ 相比, $\\triangle \\mathrm{x}_{1}>\\triangle \\mathrm{x}_{2}$,\n\n$\\lambda=630 \\mathrm{~nm}=6.3 \\times 10^{-7} \\mathrm{~m}, \\quad \\mathrm{x}=10.5 \\mathrm{~mm}=1.05 \\times 10^{-2} \\mathrm{~m}$\n\n由公式 $\\triangle x=\\frac{1}{d} \\lambda$ 得: $d=\\frac{1}{\\Delta x} \\lambda=\\frac{1.00}{\\frac{1.05 \\times 10^{-2}}{6-1}} \\times 6.30 \\times 10^{-7}=3 \\times 10^{-4} \\mathrm{~m}=0.3 \\mathrm{~mm}$\n",
            "index": 17,
            "score": 15
        },
        {
            "year": "2015",
            "category": "（新课标ⅱ）",
            "question": "13. （5 分）关于扩散现象, 下来说法正确的是（）\nA. 温度越高, 扩散进行得越快\nB. 扩散现象是不同物质间的一种化学反应\nC. 扩散现象是由物质分子无规则运动产生的\nD. 扩散现象在气体、液体和固体中都能发生\nE. 液体中的扩散现象是由于液体的对流形成的\n",
            "answer": "ACD\n",
            "analysis": "解： $A$ 、温度越高, 分子热运动越激烈, 所以扩散进行得越快, 故 A 正 确;\n\nB、扩散现象是分子热运动引起的分子的迁移现象, 没有产生新的物质, 是物理 现象，故 B 错误;\n\n$C D$ 、扩散现象是由物质分子无规则热运动产生的分子迁移现象, 可以在固体、 液体、气体中产生, 扩散速度与温度和物质的种类有关，故 CD 正确;\n\nE、液体中的扩散现象是由于液体分子的热运动产生的, 故 E 错误。\n",
            "index": 18,
            "score": 5
        },
        {
            "year": "2015",
            "category": "（新课标ⅱ）",
            "question": "16. 平衡位置位于原点 $\\mathrm{O}$ 的波源发出的简谐横波在均匀介质中沿水平 $\\mathrm{x}$ 轴传播, $P 、 Q$ 为 $x$ 轴上的两个点 (均位于 $x$ 轴正向), $P$ 与 $O$ 的距离为 $35 \\mathrm{~cm}$, 此距离 介于一倍波长与二倍波长之间. 已知波源自 $\\mathrm{t}=0$ 时由平衡位置开始向上振动, 周期 $T=1 \\mathrm{~s}$, 振幅 $A=5 \\mathrm{~cm}$. 当波传到 $P$ 点时, 波源恰好处于波峰位置; 此后再 经过 $5 \\mathrm{~s}$, 平衡位置在 $\\mathrm{Q}$ 处的质点第一次处于波峰位置. 求:\n\n(i) $\\mathrm{P} 、 \\mathrm{Q}$ 间的距离;\n\n(ii）从 $\\mathrm{t}=0$ 开始到平衡位置在 $\\mathrm{Q}$ 处的质点第一次处于波峰位置时, 波源在振动 过程中通过的路程.\n",
            "answer": "(i) $P 、 Q$ 间的距离为 $133 \\mathrm{~cm}$;\n\n（ii）从 $\\mathrm{t}=0$ 开始到平衡位置在 $Q$ 处的质点第一次处于波峰位置时, 波源在振动 过程中通过的路程为 $125 \\mathrm{~cm}$.\n",
            "analysis": "解: (i）由题意, O、P两点间的距离与波长 $\\lambda$ 之间满足\n\n$\\mathrm{OP}=\\frac{5}{4} \\lambda(1)$\n\n波速 $v$ 与波长的关系为\n\n$v=\\frac{\\lambda}{T}(2)$\n\n在 $t=5 \\mathrm{~s}$ 的时间间隔内, 波传播的路程为 $v t$.\n\n由题意有\n\n$\\mathrm{vt}=\\mathrm{PQ}+\\frac{1}{4} \\lambda$\n\n式中, $P Q$ 为 $P 、 Q$ 间的距离.\n\n由(1)(2)(3)式和题给数据, 得\n\n$P Q=133 \\mathrm{~cm}$\n\n(ii) $Q$ 处的质点第一次处于波峰位置时, 波源运动的时间为\n\n$\\mathrm{t}_{1}=\\mathrm{t}+\\frac{5}{4} \\mathrm{~T}$\n\n波源从平衡位置开始运动, 每经过 $\\frac{1}{4} \\mathrm{~T}$, 波源运动的路程为 $\\mathrm{A}$.\n\n有题给条件得\n\n$\\mathrm{t}_{1}=25 \\times \\frac{1}{4} \\mathrm{~T}$\n\n故 $\\mathrm{t}_{1}$ 时间内, 波源运动的路程为\n\n$s=25 A=125 \\mathrm{~cm}$\n",
            "index": 19,
            "score": 10
        },
        {
            "year": "2015",
            "category": "（新课标ⅱ）",
            "question": "17. 实物粒子和光都具有波粒二象性。下列事实中突出体现波动性的是（）\nA. 电子束通过双缝实验装置后可以形成干涉图样\nB. $\\beta$ 射线在云室中穿过会留下清晰的径迹\nC. 人们利用慢中子衍射来研究晶体的结构 D. 人们利用电子显微镜观测物质的微观结构\n\nE. 光电效应实验中, 光电子的最大初动能与入射光的频率有关, 与入射光的 强度无关\n",
            "answer": "ACD\n",
            "analysis": "解: A、干涉是波具有的特性, 电子束通过双缝实验装置后可以形成干 涉图样, 说明电子具有波动性，所以 $\\mathrm{A}$ 正确;\n\n$B 、 \\beta$ 粒子在云室中受磁场力的作用, 做的是圆周运动, 与波动性无关, 所以 $B$ 错误;\n\nC、可以利用慢中子行射来研究晶体的结构, 说明中子可以产生衍射现象, 说明 具有波动性, 所以 $\\mathrm{C}$ 正确;\n\nD、人们利用电子显微镜观测物质的微观结构, 说明电子可以产生干涉现象, 说 明具有波动性，所以 D 正确;\n\nE、光电效应实验, 说明的是能够从金属中打出光电子, 说明的是光的粒子性, 所以 $E$ 错误;\n",
            "index": 20,
            "score": 5
        },
        {
            "year": "2016",
            "category": "（新课标ⅰ）",
            "question": "13. （5 分）关于热力学定律, 下列说法正确的是（ ）\n",
            "answer": "$\\mathrm{BDE}$\n",
            "analysis": "解: A、物体吸收热量, 同时对外做功, 如二者相等, 则内能可能不变, 所以气体吸热后温度不一定升高, 故 A 错误;\n\nB、做功和热传递都能改变内能; 所以对气体做功可以改变其内能。故 B 正确;\n\nC、根据理想气体的状态方程可知, 理想气体等压膨胀过程中压强不变, 体积增 大则气体的温度一定升高, 所以气体的内能增大; 气体的体积增大对外做功 而内能增大，所以气体一定吸热, 故 C 错误; D、根据热力学第二定律热量不可能自发地从低温物体传到高温物体。故 D 正确 E、根据热平衡定律可知, 如果两个系统分别与状态确定的第三个系统达到热平 衡, 那么这两个系统彼此之间也必定达到热平衡。故 E 正确。\n",
            "index": 21,
            "score": 5
        },
        {
            "year": "2016",
            "category": "（新课标ⅰ）",
            "question": "14. （10 分）在水下气泡内空气的压强大于气泡表面外侧水的压强, 两压强差 $\\triangle$ $p$ 与气泡半径 $r$ 之间的关系为 $\\triangle p=\\frac{2 \\sigma}{r}$, 其中 $\\sigma=0.070 \\mathrm{~N} / \\mathrm{m}$ 。现让水下 $10 \\mathrm{~m}$ 处 一半径为 $0.50 \\mathrm{~cm}$ 的气泡缓慢上升, 已知大气压强 $p_{0}=1.0 \\times 10^{5} \\mathrm{~Pa}$, 水的密度 $\\rho=1.0 \\times 10^{3} \\mathrm{~kg} / \\mathrm{m}^{3}$, 重力加速度大小 $g=10 \\mathrm{~m} / \\mathrm{s}^{2}$ 。\n\n（i）求在水下 $10 \\mathrm{~m}$ 处气泡内外的压强差;\n\n（ii）忽略水温随水深的变化, 在气泡上升到十分接近水面时, 求气泡的半径与 其原来半径之比的近似值。\n",
            "answer": "（i）在水下 $10 \\mathrm{~m}$ 处气泡内外的压强差 28Pa;\n\n（ii）忽略水温随水深的变化, 在气泡上升到十分接近水面时, 气泡的半径与其 原来半径之比的近似值 1.3\n",
            "analysis": "解：（i）当气泡在水下 $h=10 \\mathrm{~m}$ 处时, 设其半径为 $r_{1}$, 气泡内外压强差 为 $\\Delta p_{1}$ ，则\n\n$\\Delta p_{1}=\\frac{2 \\sigma}{r_{1}}(1)$\n\n代入题给数据得 $\\Delta \\mathrm{p}_{1}=28 \\mathrm{p}_{\\mathrm{a}}^{2}$\n\n（ii）设气泡在水下 $10 \\mathrm{~m}$ 处时, 气泡内空气的压强为 $p_{1}$, 气泡体积为 $v_{1}$; 气泡 到达水面附近时, 气泡内空气的压强为 $p_{2}$, 内外压强差为 $\\Delta p_{2}$, 其体积为 $v_{2}$ , 半径为 $r_{2}$.\n\n气泡上升过程中温度不变, 根据玻意耳定律有\n\n$\\mathrm{p}_{1} \\mathrm{~V}_{1}=\\mathrm{p}_{2} \\mathrm{~V}_{2}(3)$\n\n由力学平衡条件有\n\n$\\mathrm{p}_{1}=\\mathrm{p}_{0}+\\rho \\mathrm{gh}+\\Delta \\mathrm{p}_{1}(4)$\n\n$\\mathrm{p}_{2}=\\mathrm{p}_{0}+\\Delta \\mathrm{p}_{2}(5)$\n\n气泡体积 $\\mathrm{V}_{1}$ 和 $\\mathrm{V}_{2}$ 分别为\n\n$\\mathrm{V}_{1}=\\frac{4}{3} \\pi \\mathrm{r}_{1}^{3} 6$\n\n$\\mathrm{V}_{2}=\\frac{4}{3} \\pi \\mathrm{r}_{2}^{3}(7)$\n\n联立(3)(4)(5)(6)(7)式得\n\n$$\n\\left(\\frac{r_{1}}{r_{2}}\\right)^{3}=\\frac{p_{0}+\\Delta p_{2}}{\\rho g h+p_{0}+\\Delta p_{1}} \\text { (8) }\n$$\n\n由 $\\Delta \\mathrm{p}_{\\mathrm{i}}<<\\mathrm{p}_{0}, \\mathrm{i}=1,2$, 故可略去(8)式中的 $\\Delta \\mathrm{p}_{\\mathrm{i}}$ 项, 代入题给数据得\n\n$\\frac{r_{2}}{r}=\\sqrt[3]{2} \\approx 1.3$\n\n$\\mathrm{r}_{1}$\n",
            "index": 22,
            "score": 10
        },
        {
            "year": "2016",
            "category": "（新课标ⅰ）",
            "question": "17. 现用一光电管进行光电效应的实验, 当用某一频率的光入射时, 有光电流产 生. 下列说法正确的是（）\nA. 保持入射光的频率不变, 入射光的光强变大，饱和光电流变大\nB. 入射光的频率变高, 饱和光电流变大\nC. 入射光的频率变高, 光电子的最大初动能变大\nD. 保持入射光的光强不变, 不断减小入射光的频率, 始终有光电流产生\nE. 遏止电压的大小与入射光的频率有关, 与入射光的光强无关 18. 某游乐园入口旁有一喷泉, 喷出的水柱将一质量为 $M$ 的卡通玩具稳定地悬 停在空中。为计算方便起见, 假设水柱从横截面积为 $\\mathrm{S}$ 的喷口持续以速度 $\\mathrm{v}_{0}$ 坚直向上喷出; 玩具底部为平板（面积略大于 $S$ ）; 水柱冲击到玩具底板后, 在坚直方向水的速度变为零, 在水平方向朝四周均匀散开。忽略空气阻力。 已知水的密度为 $\\rho$, 重力加速度大小为 $g$ 。求:\n\n（i）喷泉单位时间内喷出的水的质量;\n\n（ii）玩具在空中悬停时, 其底面相对于喷口的高度。\n",
            "answer": "(i）喷泉单位时间内喷出的水的质量为 $\\rho \\mathrm{Sv}_{0}$;\n\n(ii）玩具在空中悬停时, 其底面相对于喷口的高度为 $\\frac{\\rho^{2} S^{2} v_{0}{ }^{4}-M^{2} g^{2}}{2 \\rho^{2} S^{2} v_{0}{ }^{2} g}$ 。\n",
            "analysis": "解：（i）喷泉单位时间内喷出的水的质量 $m=\\rho V=\\rho S v_{0}$, （ii）设水到达卡通玩具处的速度为 $v$, 玩具在空中悬停时, 其底面相对于喷口 的高度为 $h$,\n\n根据运动学基本公式得: $v^{2}-v_{0}{ }^{2}=-2 g h$,\n\n水柱冲击到玩具底板后, 在坚直方向水的速度变为零, 以向上为正, 根据动量定理得:\n\n$-\\mathrm{Mgt}=\\rho \\mathrm{Sv}_{0} \\mathrm{t}(0-\\mathrm{v})$\n\n联立解得: $h=\\frac{\\rho^{2} S^{2} v_{0}^{4}-M^{2} g^{2}}{2 \\rho^{2} S^{2} v_{0}^{2} g}$\n",
            "index": 23,
            "score": 6
        },
        {
            "year": "2016",
            "category": "（新课标ⅱ）",
            "question": "15. 关于电磁波, 下列说法正确的是（）\nA. 电磁波在真空中的传播速度与电磁波的频率无关\nB. 周期性变化的电场和磁场可以相互激发, 形成电磁波\nC. 电磁波在真空中自由传播时, 其传播方向与电场强度、磁感应强度垂直\nD. 利用电磁波传递信号可以实现无线通信, 但电磁波不能通过电缆、光缆传 输\n\nE. 电磁波可以由电磁振荡产生, 若波源的电磁振荡停止, 空间的电磁波随即 消失\n",
            "answer": "$A B C$\n",
            "analysis": "解：A、电磁波在真空中的传播速度均相等, 与电磁波的频率无关, 故 A 止确; B、周期性变化的磁场产生周期性变化电场, 周期性变化的电场产生周期性变化 磁场, 相互激发, 形成电磁波。故 B 正确;\n\nC、变化的电场与变化的磁场共同产生电磁场, 电磁波的电场强度与磁感应强度 总是相互垂直, 且与传播方向垂直。所以电磁波是横波; 故 C 正确;\n\nD、电磁波可以通过电缆、光缆进行有线传输, 也可以实现无线传输; 故 D 错误\n\nE、电磁波可以由电磁振荡产生, 若波源的电磁振荡停止, 空间的电磁波继续传 播，不会随即消失; 故 E 错误;\n",
            "index": 24,
            "score": 5
        },
        {
            "year": "2016",
            "category": "（新课标ⅱ）",
            "question": "17. 在下列描述的核过程的方程中, 属于 $\\alpha$ 衰变的是 ，属于 $\\beta$ 衰变的是 ，属于裂变的是 ，属于聚变的是 . （填正确答案的标号)\nA. ${ }_{6}^{14} \\mathrm{C} \\rightarrow{ }_{7}^{14} \\mathrm{~N}+{ }_{-1}^{0} \\mathrm{e}$\nB. ${ }_{15}^{32 \\mathrm{p}} \\rightarrow{ }_{16}^{32} \\mathrm{~S}+{ }_{-1}^{0} \\mathrm{e}$\nC. ${ }_{92}^{238} \\mathrm{U} \\rightarrow{ }_{90}^{234} \\mathrm{Th}+{ }_{2}^{4} \\mathrm{He}$\nD. ${ }_{7}^{14} \\mathrm{~N}+{ }_{2}^{4} \\mathrm{He} \\rightarrow{ }_{8}^{17} \\mathrm{O}+{ }_{1}^{1} \\mathrm{H}$\nE. ${ }_{92}^{235} \\mathrm{U}+{ }_{0}^{1} \\mathrm{n} \\rightarrow{ }_{54}^{140} \\mathrm{Xe}+{ }_{38}^{94} \\mathrm{Sr}+2{ }_{0}^{1} \\mathrm{n}$\nF. ${ }_{1}^{3} \\mathrm{H}+{ }_{1}^{2} \\mathrm{H} \\rightarrow{ }_{2}^{4} \\mathrm{He}+{ }_{0}^{1} \\mathrm{n}$.\n",
            "answer": "$C ; A B ; E ; F$.\n",
            "analysis": "解: $A$ 和 $B$ 的反应生成物里都有电子, 属于 $\\beta$ 衰变, $C$ 的反应生成物里 有 $\\alpha$ 粒子, 是 $\\alpha$ 衰变,\n\n裂变是重核裂变成轻核, 属于裂变的是 $E$,\n\n聚变是轻核生成重核, 属于聚变的是 $F$.\n",
            "index": 25,
            "score": 5
        },
        {
            "year": "2016",
            "category": "（新课标ⅲ）",
            "question": "13. (5 分) 关于气体的内能, 下列说法正确的是（）\nA. 质量和温度都相同的气体, 内能一定相同 \nB. 气体温度不变, 整体运动速度越大，其内能越大\nC. 气体被压缩时, 内能可能不变\nD. 一定量的某种理想气体的内能只与温度有关\nE. 一定量的某种理想气体在等压膨胀过程中, 内能一定增加\n",
            "answer": "CD\n",
            "analysis": "【解答】解： A、质量和温度都相同的气体, 内能不一定相同, 还和气体的种类 有关，故 A 错误;\n\nB、物体的内能与温度、体积有关, 与物体宏观整体运动的机械能无关, 所以整 体运动速度越大，其内能不一定越大，故 B 错;\n\nC、气体被压缩时, 外界对气体做功 $W>0$, 如果向外界放热 $Q<0$, 根据热力学 第一定律, $\\triangle \\mathrm{U}=\\mathrm{W}+\\mathrm{Q}$, 可能 $\\triangle \\mathrm{U}=0$ 内能不变, 所以 $\\mathrm{C}$ 正确;\n\nD、理想气体分子间无分子势能，理想气体的内能只与温度有关，故 D 正确;\n\nE、一定量的某种理想气体等压膨胀过程中, 体积与热力学温度成正比, 温度升 高, 内能增加。故 E 正确\n\n故选: CDE。\n",
            "index": 26,
            "score": 5
        },
        {
            "year": "2016",
            "category": "（新课标ⅲ）",
            "question": "15. 由波源 $S$ 形成的简谐横波在均匀介质中向左、右传播。波源振动的频率为 $20 \\mathrm{~Hz}$, 波速为 $16 \\mathrm{~m} / \\mathrm{s}$ 。已知介质中 $P 、 Q$ 两质点位于波源 $S$ 的两侧, 且 $P$ 、 $Q$ 和 $S$ 的平衡位置在一条直线上, $P 、 Q$ 的平衡位置到 $S$ 的平衡位置之间的 距离分别为 $15.8 \\mathrm{~m} 、 14.6 \\mathrm{~m} 。 \\mathrm{P} 、 \\mathrm{Q}$ 开始震动后, 下列判断正确的是（ $(\\quad)$\nA. $P 、 Q$ 两质点运动的方向始终相同\nB. $P 、 Q$ 两质点运动的方向始终相反\nC. 当 $S$ 恰好通过平衡位置时, $P 、 Q$ 两点也正好通过平衡位置\nD. 当 $S$ 恰好通过平衡位置向上运动时, $P$ 在波峰\nE. 当 $S$ 恰好通过平衡位置向下运动时, $Q$ 在波峰\n",
            "answer": "BD\n",
            "analysis": "【解答】解：波源振动的频率为 $20 \\mathrm{~Hz}$, 波速为 $16 \\mathrm{~m} / \\mathrm{s}$, 由波长公式 $\\lambda=\\frac{\\mathrm{v}}{\\mathrm{f}}$ 有: $\\lambda=\\frac{16}{20}=0.8 \\mathrm{~m}$\n\n$A B 、 P 、 Q$ 两质点距离波源的距离之差为: $\\triangle x=15.8-14.6=1.2 \\mathrm{~m}=3 \\times \\frac{\\lambda}{2}$, 为 半个波长的奇数倍, 所以 $P 、 Q$ 两质点振动步调相反, $P 、 Q$ 两质点运动的方 向始终相反，选项 $\\mathrm{A}$ 错误, B 正确。\n\nC、 $S P=15.8 m=\\left(19+\\frac{3}{4}\\right) \\lambda, S Q=14.6 m=\\left(18+\\frac{1}{4}\\right) \\lambda$, 所以当 $S$ 恰好通过平衡 位置时, $P 、 Q$ 两点一个在波峰，一个在波谷, 选项 $\\mathrm{C}$ 错误。\n\n$D$ 、由 $S P=15.8 m=\\left(19+\\frac{3}{4}\\right) \\lambda$ 可知, 当 $S$ 恰好通过平衡位置向上运动时, $P$ 在 波峰, 选项 D 正确。\n\n$E 、 S Q=14.6 m=\\left(18+\\frac{1}{4}\\right) \\lambda$, 当 $S$ 恰好通过平衡位置向下运动时, $Q$ 在波峰, 选项 $\\mathrm{E}$ 正确。\n\n故选: BDE。\n",
            "index": 27,
            "score": 5
        },
        {
            "year": "2017",
            "category": "（新课标ⅰ）",
            "question": "11. (12 分) 一质量为 $8.00 \\times 10^{4} \\mathrm{~kg}$ 的太空飞船从其飞行轨道返回地面。飞船在 离地面高度 $1.60 \\times 10^{5} \\mathrm{~m}$ 处以 $7.5 \\times 10^{3} \\mathrm{~m} / \\mathrm{s}$ 的速度进入大气层, 逐渐减慢至速 度为 $100 \\mathrm{~m} / \\mathrm{s}$ 时下落到地面。取地面为重力势能零点, 在飞船下落过程中, 重 力加速度可视为常量, 大小取为 $9.8 \\mathrm{~m} / \\mathrm{s}^{2}$. (结果保留 2 位有效数字)\n\n（1）分别求出该飞船着地前瞬间的机械能和它进入大气层时的机械能;\n\n(2) 求飞船从离地面高度 $600 \\mathrm{~m}$ 处至着地前瞬间的过程中克服阻力所做的功, 已知飞船在该处的速度大小是其进入大气层时速度大小的 $2.0 \\%$ 。\n",
            "answer": "(1) 落地瞬间的机械能为 $4.0 \\times 10^{8} \\mathrm{~J}$; 进入大气层的机械能为 $2.4 \\times 10^{12} \\mathrm{~J}$;\n\n(2) 克服阻力做功为 $9.7 \\times 10^{8} \\mathrm{~J}$ 。\n",
            "analysis": "解: $1.60 \\times 10^{5} \\mathrm{~m}$ 处的速度为 $v_{1}, 600 \\mathrm{~m}$ 处的速度为 $v_{2}$, 落地前的速度为 $v_{3}$\n\n(1) 落地时的重力势能为零, 动能为 $E_{k 2}=\\frac{1}{2} m_{v_{3}}^{2}=\\frac{1}{2} \\times 8 \\times 10^{4} \\times 100^{2} \\mathrm{~J}=4.0 \\times 10^{8} \\mathrm{~J}$; 进入大气层的机械能 $\\mathrm{E}=\\mathrm{E}_{\\mathrm{k} 1}+\\mathrm{E}_{\\mathrm{p} 1}=\\frac{1}{2} m_{v_{1}^{2}}^{2}+m g H=2.4 \\times 10^{12}$ J\n\n(2) 此时的速度大小为 $v_{2}=7.5 \\times 10^{3} \\times 0.02 \\mathrm{~m} / \\mathrm{s}=150 \\mathrm{~m} / \\mathrm{s}$; 从 $600 \\mathrm{~m}$ 处到落地之间, 重力做正功, 阻力做负功, 根据动能定理\n\n$\\mathrm{mgh}-\\mathrm{W}_{\\mathrm{f}}=\\frac{1}{2} \\mathrm{mv}_{3}^{2}-\\frac{1}{2} \\mathrm{mv}_{2}^{2}$\n\n代入数据, 可得 $\\mathrm{W}_{\\mathrm{f}}=9.7 \\times 10^{8} \\mathrm{~J}$\n",
            "index": 28,
            "score": 12
        },
        {
            "year": "2017",
            "category": "（新课标ⅰ）",
            "question": "12. (20 分) 真空中存在电场强度大小为 $\\mathrm{E}_{1}$ 的匀强电场, 一带电油滴在该电场 中竖直向上做匀速直线运动, 速度大小为 $\\mathrm{v}_{0}$, 在油滴处于位置 $\\mathrm{A}$ 时, 将电场 强度的大小突然增大到某值, 但保持其方向不变。持续一段时间 $\\mathrm{t}_{1}$ 后, 又突 然将电场反向, 但保持其大小不变; 再持续同样一段时间后, 油滴运动到 $B$ 点。重力加速度大小为 $g$ 。\n\n(1) 油滴运动到 $B$ 点时的速度;\n\n（2）求增大后的电场强度的大小; 为保证后来的电场强度比原来的大, 试给出 相应的 $\\mathrm{t}_{1}$ 和 $v_{0}$ 应满足的条件。已知不存在电场时, 油滴以初速度 $v_{0}$ 做竖直上 抛运动的最大高度恰好等于 $B 、 A$ 两点间距离的两倍。\n",
            "answer": "(1) 油滴运动到 $B$ 点时的速度为 $v_{0}-2 \\mathrm{gt}_{1}$;\n\n(2) 增大后的电场强度的大小为 $E_{1}+\\frac{E_{1}}{g}\\left(g-\\frac{v_{0}^{2}}{4 g t_{1}^{2}}-\\frac{2 v_{0}}{t_{1}}\\right), t_{1}$ 和 $v_{0}$ 应满足的条件 为 $0<\\mathrm{t}_{1}<\\left(1-\\frac{\\sqrt{3}}{2}\\right) \\frac{v_{0}}{\\mathrm{~g}}$ 或 $\\mathrm{t}_{1}>\\left(1+\\frac{\\sqrt{3}}{2}\\right) \\frac{\\mathrm{v}_{0}}{\\mathrm{~g}}$;\n\n或 $E_{1}+\\frac{E_{1}}{g}\\left(g \\frac{v_{0}^{2}}{4 g t_{1}^{2}}-\\frac{2 v_{0}}{t_{1}}\\right)$; 相应的 $t_{1}$ 和 $v_{0}$ 应满足的条件为 $t_{1}>\\left(1+\\frac{\\sqrt{5}}{2}\\right) \\frac{v_{0}}{g}$ 。\n",
            "analysis": "解：（1）方法一:\n\n设油滴质量为 $m$, 带电荷量为 $q$, 增大后的电场强度为 $E_{2}$, 根据题中条件可以判 断电场力与重力方向相反;\n\n对于匀速运动阶段, 有 $q E_{1}=m g \\ldots$..1)\n\n对于场强突然增大后的第一段 $t_{1}$ 时间, 由牛顿第二定律得: $q E_{2}-m g=m a_{1} \\ldots(2)$\n\n对于场强第二段 $t_{1}$ 时间，由牛顿第二定律得: $q E_{2}+m g=m a_{2} \\ldots$ (3)\n\n由运动学公式, 可得油滴在电场反向时的速度为: $v_{1}=v_{0}+a_{1} t_{1}$ (4)\n\n油滴在 $B$ 的速度为: $v_{B}=v_{1}-a_{2} t_{1}$ (5)\n\n联立(1)至(5)式, 可得: $\\mathrm{v}_{\\mathrm{B}}=\\mathrm{v}_{0}-2 \\mathrm{gt}_{1}$; 方向向上;\n\n方法二:\n\n选向上为正方向, 由动量定理有: $-m g \\times 2 t+q E_{1} t-q E_{1} t=m v-m v_{0}$\n\n解得: $\\mathrm{v}_{\\mathrm{B}}=\\mathrm{v}_{0}-2 \\mathrm{gt}_{1}$; 方向向上;\n\n（2）设无电场时坚直上抛的最大高度为 $h$, 由运动学公式, 有: $v_{0}{ }^{2}=2 g h \\ldots$ (6) 根据位移时间关系可得: $v_{0} t_{1}+\\frac{1}{2} \\mathrm{a}_{1}+{ }_{1}^{2}=x_{1} \\ldots$ (7)\n\n$\\mathrm{v}_{1} \\mathrm{t}_{1}-\\frac{1}{2} \\mathrm{a}_{2} \\mathrm{t}_{1}^{2}=\\mathrm{x}_{2} \\ldots$ (8)\n\n油滴运动有两种情况:\n\n情况一：\n\n位移之和 $\\mathrm{x}_{1}+\\mathrm{x}_{2}=\\frac{\\mathrm{h}}{2} 9$ 联立(1)、(2)、(3)、6)、(7)、(8)、(9)可得:\n\n$\\mathrm{E}_{2}=\\mathrm{E}_{1}+\\frac{\\mathrm{E}_{1}}{\\mathrm{~g}}\\left(\\mathrm{~g}+\\frac{\\mathrm{v}_{0}^{2}}{4 \\mathrm{gt}{ }_{1}^{2}}-\\frac{2 \\mathrm{v}_{0}}{\\mathrm{t}_{1}}\\right)$\n\n由题意得 $E_{2}>E_{1}$, 即满足条件 $\\frac{2 v_{0}}{t_{1}}-\\frac{v_{0}^{2}}{4 \\mathrm{gt}}<\\mathrm{g}$, 即当 $0<\\mathrm{t}_{1}<\\left(1-\\frac{\\sqrt{3}}{2}\\right) \\frac{v_{0}}{g}$ 或 $t_{1}>\\left(1+\\frac{\\sqrt{3}}{2}\\right) \\frac{v_{0}}{g}$ 才是可能的;\n\n情况二:\n\n位移之和 $x_{1}+x_{2}=-\\frac{h}{2}$\n\n联立(1)、(2)、(3)、(6)、 (7)、(8)、(10)可得:\n\n$E_{2}=E_{1}+\\frac{E_{1}}{g}\\left(g \\frac{v_{0}^{2}}{4 g t_{1}^{2}}-\\frac{2 v_{0}}{t_{1}}\\right)$\n\n由题意得 $E_{2}>E_{1}$, 即满足条件 $\\frac{2 v_{0}}{t_{1}}+\\frac{v_{0}^{2}}{4 g t_{1}^{2}}<g$, 即 $t_{1}>\\left(1+\\frac{\\sqrt{5}}{2}\\right) \\frac{v_{0}}{g}$, 另一解为负 , 不合题意, 舍去。\n",
            "index": 29,
            "score": 20
        },
        {
            "year": "2017",
            "category": "（新课标ⅱ）",
            "question": "14. (10 分) 一热气球体积为 $V$, 内部充有温度为 $T_{a}$ 的热空气, 气球外冷空气 的温度为 $T_{b}$. 已知空气在 1 个大气压、温度为 $T_{0}$ 时的密度为 $\\rho_{0}$, 该气球内、 外的气压始终都为 1 个大气压, 重力加速度大小为 $g$ 。\n\n(i) 求该热气球所受浮力的大小;\n\n(ii) 求该热气球内空气所受的重力;\n\n(iii) 设充气前热气球的质量为 $\\mathrm{m}_{0}$, 求充气后它还能托起的最大质量。\n",
            "answer": "(i) 气球受到的浮力为: $\\frac{\\mathrm{T}_{0}}{\\mathrm{~T}_{\\mathrm{b}}} \\rho_{0} \\mathrm{gV}$;\n\n(ii）气球内空气的重力为 $\\frac{T_{0}}{T_{a}} \\rho_{0} g V$;\n\n(iii）能托起的最大质量为 $\\frac{\\rho_{0} \\mathrm{VT}_{0}}{\\mathrm{~T}_{\\mathrm{b}}}-\\frac{\\rho_{0} \\mathrm{VT}_{0}}{\\mathrm{~T}_{\\mathrm{a}}}-\\mathrm{m}_{0}$ 。\n",
            "analysis": "解: (i) 设 1 个大气压下质量为 $\\mathrm{m}$ 的空气在温度为 $\\mathrm{T}_{0}$ 时的体积为 $\\mathrm{V}_{0}$, 密度为\n\n$\\rho_{0}=\\frac{m}{V_{0}}$\n\n设温度为 $\\mathrm{T}$ 的体积为 $\\mathrm{V}_{\\mathrm{T}}$, 密度为\n\n$\\rho(\\mathrm{T})=\\frac{\\mathrm{m}}{\\mathrm{V}_{\\mathrm{T}}}$\n\n由盖- 吕萨克定律得\n\n$\\frac{\\mathrm{V}_{0}}{\\mathrm{~T}_{0}}=\\frac{\\mathrm{V}_{\\mathrm{T}}}{\\mathrm{T}}$\n\n联立可得: $\\rho(\\mathrm{T})=\\rho_{0} \\frac{T_{0}}{T}$\n\n气球受到的浮力为 $\\mathrm{f}=\\rho(\\mathrm{Tb}) \\mathrm{gV}$\n\n联立可得: $\\mathrm{f}=\\frac{\\rho_{0} g V T_{0}}{\\mathrm{~T}_{\\mathrm{b}}}$;\n\n（ii）根据 $\\rho_{(\\mathrm{T})}=\\rho_{0} \\frac{\\mathrm{T}_{0}}{\\mathrm{~T}}$ 可得 $\\rho(\\mathrm{Ta})=\\rho_{0} \\frac{\\mathrm{T}_{0}}{\\mathrm{~T}_{\\mathrm{a}}}$, 气球内空气的重力为 $\\mathrm{G}=\\rho(\\mathrm{Ta}) \\mathrm{gV}=$\n\n$$\n\\frac{T_{0}}{T_{a}} \\rho_{0} g V\n$$\n\n（iii）气球要漂浮在空气中, 则气球总重力等于冷空气的浮力, 假如还能托起的 最大质量为 $m$ 则\n\n$\\mathrm{F}=\\mathrm{m}_{0} \\mathrm{~g}+\\mathrm{G}+\\mathrm{mg}$\n\n所以 $m=\\frac{\\rho_{0} V_{0}}{T_{b}}-\\frac{\\rho_{0} V_{0}}{T_{a}}-m_{0}$\n",
            "index": 30,
            "score": 10
        },
        {
            "year": "2017",
            "category": "（新课标ⅱ）",
            "question": "15. 在双缝干涉实验中, 用绿色激光照射在双缝上, 在缝后的屏幕上显示出干涉 图样. 若要增大干涉图样中两相邻亮条纹的间距，可选用的方法是（）\nA. 改用红色激光\nB. 改用蓝色激光\nC. 减小双缝间距\nD. 将屏幕向远离双缝的位置移动\nE. 将光源向远离双缝的位置移动\n",
            "answer": "ACD\n",
            "analysis": "解: 根据双缝干涉条纹间距公式 $\\Delta x=\\frac{L}{d} \\lambda$ 知, 增大入射光的波长、减小 双缝间距, 以及增大屏幕与双缝的距离, 可以增大条纹的间距, 由于红光的 波长大于绿光的波长, 可知换用红色激光可以增大条纹间距, 故 ACD 正确, $\\mathrm{BE}$ 错误。\n",
            "index": 31,
            "score": 5
        },
        {
            "year": "2018",
            "category": "（新课标ⅰ）",
            "question": "11. (12 分）一质量为 $\\mathrm{m}$ 的烟花弹获得动能 $\\mathrm{E}$ 后, 从地面坚直升空。当烟花弹 上升的速度为零时, 弹中火药爆炸将烟花弹炸为质量相等的两部分, 两部分 获得的动能之和也为 $\\mathrm{E}$, 且均沿坚直方向运动, 爆炸时间极短, 重力加速度大 小为 $g$, 不计空气阻力和火药的质量。求\n(1) 烟花弹从地面开始上升到弹中火药爆炸所经过的时间;\n（2）爆炸后烟花弹向上运动的部分距地面的最大高度。\n",
            "answer": "（1）烟花弹从地面开始上升到弹中火药爆炸所经过的时间是 $\\frac{1}{\\mathrm{~g}} \\sqrt{\\frac{2 \\mathrm{E}}{\\mathrm{m}}}$;\n\n（2）爆炸后烟花弹向上运动的部分距地面的最大高度是 $\\frac{2 \\mathrm{E}}{\\mathrm{mg}}$ 。\n",
            "analysis": "解： (1) 设烟花弹的初速度为 $v_{0}$. 则有: $E=\\frac{1}{2} m v_{0}^{2}$\n\n得: $v_{0}=\\sqrt{\\frac{2 \\mathrm{E}}{m}}$\n\n烟花弹从地面开始上升的过程中做竖直上抛运动, 则有: $v_{0}-g t=0$\n\n得: $t=\\frac{1}{g} \\sqrt{\\frac{2 \\mathrm{E}}{\\mathrm{m}}}$\n\n(2) 烟花弹从地面开始上升到弹中火药爆炸上升的高度为: $h_{1}=\\frac{v_{0}^{2}}{2 g}=\\frac{E}{m g}$\n\n对于暴炸过程, 取竖直向上为正方向, 由动量守恒定律得:\n\n$0=\\frac{1}{2} \\mathrm{mv}_{1}-\\frac{1}{2} \\mathrm{mv}_{2}$ 。\n\n根据能量守恒定律得： $\\mathrm{E}=\\frac{1}{2} \\cdot \\frac{1}{2} \\mathrm{mv}_{1}^{2}+\\frac{1}{2} \\cdot \\frac{1}{2} \\mathrm{mv}_{2}^{2}$ 。\n\n联立解得： $v_{1}=\\sqrt{\\frac{2 \\mathrm{E}}{\\mathrm{m}}}$\n\n爆炸后烟花弹向上运动的部分能继续上升的最大高度为: $h_{2}=\\frac{v_{1}^{2}}{2 g}=\\frac{E}{m g}$\n\n所以爆炸后烟花弹向上运动的部分距地面的最大高度为: $h=h_{1}+h_{2}=\\frac{2 \\mathrm{E}}{\\mathrm{mg}}$\n",
            "index": 32,
            "score": 12
        },
        {
            "year": "2018",
            "category": "（新课标ⅱ）",
            "question": "13.（5 分）对于实际的气体, 下列说法正确的是（ ）\nA. 气体的内能包括气体分子的重力势能\nB. 气体的内能包括气体分子之间相互作用的势能\nC. 气体的内能包括气体整体运动的动能\nD. 气体的体积变化时, 其内能可能不变\nE. 气体的内能包括气体分子热运动的动能\n",
            "answer": "BDE\n",
            "analysis": "解：A、气体内能中不包括气体分子的重力势能，故 A 错误;\n\nB、实际气体的分子间相互作用力不能忽略, 故其内能包括分子间相互作用的势 能, 故 B 正确;\n\nC、气体的内能不包括气体整体运动的动能, 故 $C$ 错误;\n\nD、气体的体积变化时, 存在做功情况, 但如果同时有热量交换, 则根据热力学 第一定律可知, 其内能可能不变, 故 D 正确;\n\nE、气体的内能包括气体分子热运动的动能, 故 E 正确。\n",
            "index": 33,
            "score": 5
        },
        {
            "year": "2019",
            "category": "（新课标ⅰ）",
            "question": "13. ( 5 分) 某容器中的空气被光滑活塞封住, 容器和活塞绝热性能良好, 空气可视为理想 气体。初始时容器中空气的温度与外界相同, 压强大于外界。现使活塞缓慢移动, 直至 容器中的空气压强与外界相同。此时, 容器中空气的温度_____ （填“高于”“低于” 或 “等于”) 外界温度, 容器中空气的密度___ (填“大于” “小于” 或 “等于”) 外 界空气的密度。\n",
            "answer": "低于; 大于。\n",
            "analysis": "【解答】解: 由题意可知, 容器和活塞的绝热性能良好, 故容器内气体与外界不发生热 交换, 故 $\\triangle \\mathrm{Q}=0$; 但现活塞缓慢移动过程中, 容器中气体压强逐渐减少, 则容器内气体 不断膨胀, 体积增大, 气体对外界做功, 即 $\\mathrm{W}<0$,\n\n根据热力学第一定律可知: $\\triangle \\mathrm{U}=\\triangle \\mathrm{Q}+\\mathrm{W}<0$, 故容器气体内能减小, 温度降低, 低于外 界温度。\n\n最终容器内气体压强与外界气体压强相同, 根据理想气体状态方程: $P V=n R T$,\n\n又 $\\because \\rho=\\frac{m}{V}, m$ 为容器内气体质量,\n\n联立解得: $\\rho=\\frac{\\mathrm{Pm}}{\\mathrm{nRT}}$,\n\n当选取一部分与容器内气体相同质量的外界气体, 由于容器内温度 $\\mathrm{T}$ 低于外界温度, 故 容器内气体密度大于外界气体密度。\n\n故答案为：低于; 大于。\n",
            "index": 34,
            "score": 5
        },
        {
            "year": "2019",
            "category": "（新课标ⅰ）",
            "question": "14. (10 分) 热等静压设备广泛应用于材料加工中。该设备工作时, 先在室温下把惰性气体 用压缩机压人到一个预抽真空的炉腔中, 然后炉腔升温, 利用高温高气压环境对放人炉 腔中的材料加工处理, 改善其性能。一台热等静压设备的炉腔中某次放人固体材料后剩 余的容积为 $0.13 \\mathrm{~m}^{3}$, 炉腔抽真空后, 在室温下用压缩机将 10 瓶显气压人到炉腔中。已知 每瓶氩气的容积为 $3.2 \\times 10^{-2} \\mathrm{~m}^{3}$, 使用前瓶中气体压强为 $1.5 \\times 10^{7} \\mathrm{~Pa}$, 使用后瓶中剩余气 体压强为 $2.0 \\times 10^{6} \\mathrm{~Pa}$; 室温温度为 $27^{\\circ} \\mathrm{C}$. 氩气可视为理想气体。\n\n(i) 求压人氩气后炉腔中气体在室温下的压强;\n\n( ii) 将压人氩气后的炉腔加热到 $1227^{\\circ} \\mathrm{C}$, 求此时炉腔中气体的压强。\n",
            "answer": "(i ) 压人氩气后炉腔中气体在室温下的压强为 $3.2 \\times 10^{7} \\mathrm{~Pa}$;\n\n(ii) 将压人氩气后的炉腔加热到 $1227^{\\circ} \\mathrm{C}$, 此时炉腔中气体的压强为 $1.6 \\times 10^{8} \\mathrm{~Pa}$ 。\n",
            "analysis": "【解答】解: ( i ) 设初始时每瓶气体的体积为 $\\mathrm{V}_{0}$, 压强为 $\\mathrm{p}_{0}$, 使用后气瓶中剩余气体的 压强为 $\\mathrm{p}_{1}$,\n\n气体温度保持不变发生等温变化, 由玻意耳定律得: $\\mathrm{p}_{0} \\mathrm{~V}_{0}=\\mathrm{p}_{1} \\mathrm{~V}_{1}$,\n\n被压人炉腔的气体在室温和 $\\mathrm{p}_{1}$ 条件下的体积: $\\mathrm{V}_{1}{ }^{\\prime}=\\mathrm{V}_{1}-\\mathrm{V}_{0}$,\n\n设 10 瓶气体压人完成后炉腔中气体压强为 $\\mathrm{p}_{2}$, 体积为 $\\mathrm{V}_{2}$,\n\n由玻意耳定律得： $\\mathrm{p}_{2} \\mathrm{~V}_{2}=10 \\mathrm{p}_{1} \\mathrm{~V}_{1^{\\prime}}$ ，\n\n代人数据解得 : $\\mathrm{p}_{2}=3.2 \\times 10^{7} \\mathrm{~Pa}$;\n\n（ii）设加热前炉腔的温度为 $\\mathrm{T}_{0}$, 加热后炉腔的温度为 $\\mathrm{T}_{1}$, 气体压强为 $\\mathrm{p}_{3}$,\n\n气体发生等容变化, 由查理定律得: $\\frac{\\mathrm{p}_{3}}{\\mathrm{~T}_{1}}=\\frac{\\mathrm{p}_{2}}{\\mathrm{~T}_{0}}$,\n\n代人数据解得: $\\mathrm{p}_{3}=1.6 \\times 10^{8} \\mathrm{~Pa}$;\n\n答: (i ) 压人氩气后炉腔中气体在室温下的压强为 $3.2 \\times 10^{7} \\mathrm{~Pa}$;\n\n(ii) 将压人氩气后的炉腔加热到 $1227^{\\circ} \\mathrm{C}$, 此时炉腔中气体的压强为 $1.6 \\times 10^{8} \\mathrm{~Pa}$ 。\n",
            "index": 35,
            "score": 10
        },
        {
            "year": "2019",
            "category": "（新课标ⅲ）",
            "question": "11. (12 分) 空间存在一方向坚直向下的匀强电场, $O 、 P$ 是电场中的两点。从 $\\mathrm{O}$ 点沿水平 方向以不同速度先后发射两个质量均为 $\\mathrm{m}$ 的小球 $\\mathrm{A} 、 \\mathrm{~B} . \\mathrm{A}$ 不带电, $\\mathrm{B}$ 的电荷量为 $\\mathrm{q}(\\mathrm{q}$ $>0$ )。 $A$ 从 $O$ 点发射时的速度大小为 $v_{0}$, 到达 $P$ 点所用时间为 $t ; B$ 从 $O$ 点到达 $P$ 点所 用时间为 $\\frac{t}{2}$. 重力加速度为 $\\mathrm{g}$, 求\n\n（1）电场强度的大小;\n\n( 2 ） $B$ 运动到 $P$ 点时的动能。\n",
            "answer": "( 1 ）电场强度的大小为 $\\frac{3 \\mathrm{mg}}{\\mathrm{q}}$;\n\n(2) $\\mathrm{B}$ 运动到 $P$ 点时的动能为 $\\mathrm{E}_{\\mathrm{k}}=2 m\\left(v_{0}^{2}+g^{2} t^{2}\\right)$ 。\n",
            "analysis": "【解答】解: (1) 设电场强度的大小为 $\\mathrm{E}$, 小球 $\\mathrm{B}$ 运动的加速度为 $\\mathrm{a} 。$ 根据牛顿定律、运 动学公式和题给条件, 有\n\n$\\mathrm{mg}+\\mathrm{qE}=\\mathrm{ma}$\n\n$\\frac{1}{2} a\\left(\\frac{t}{2}\\right)^{2}=\\frac{1}{2} g t^{2}$\n\n解得 $\\mathrm{E}=\\frac{3 \\mathrm{mg}}{\\mathrm{q}}$\n\n( 2 ) 设 $B$ 从 $O$ 点发射时的速度为 $v_{1}$, 到达 $P$ 点时的动能为 $E_{k}, O 、 P$ 两点的高度差为 $h$, 根据动能定理有\n\n$\\mathrm{E}_{\\mathrm{k}}-\\frac{1}{2} \\mathrm{mlv}{ }_{1}^{2}=\\mathrm{mgh}+\\mathrm{qEh}$\n\n且有\n\n$v_{1} \\frac{t}{2}=v_{0} t$\n\n$h=\\frac{1}{2} g t^{2}$\n\n联立各式得\n\n$E_{k}=2 m\\left(v_{0}^{2}+g^{2} t^{2}\\right)$\n\n答: ( 1 ）电场强度的大小为 $\\frac{3 \\mathrm{mg}}{\\mathrm{q}}$;\n\n(2) $\\mathrm{B}$ 运动到 $P$ 点时的动能为 $\\mathrm{E}_{\\mathrm{k}}=2 m\\left(v_{0}^{2}+g^{2} t^{2}\\right)$ 。\n",
            "index": 36,
            "score": 12
        },
        {
            "year": "2019",
            "category": "（新课标ⅲ）",
            "question": "13. ( 5 分) 用油膜法估算分子大小的实验中, 首先需将纯油酸稀释成一定浓度的油酸酒精 溶液, 稀释的目的是_________。实验中为了测量出一滴已知浓度的油酸酒精溶液中纯油酸的体积, 可以 ___________________。 为得到油酸分子的直径, 还需测量的物理量是___________。$\n",
            "answer": "使油酸在浅盘的水面上容易形成一块单分子层油膜；把油酸酒精溶液一滴一 滴地滴人小量筒中, 测出 $1 \\mathrm{~mL}$ 油酸酒精溶液的滴数, 得到一滴溶液中纯油酸的体积; 单 分子层油膜的面积。\n",
            "analysis": "【解答】解：用油膜法估算分子大小的实验中, 首先需将纯油酸稀释成一定浓度的油酸 酒精溶液，稀释的目的是使油酸在浅盘的水面上容易形成一块单分子层油膜；\n\n在实验中为了测量出一滴已知浓度的油酸酒精溶液中纯油酸的体积, 可以把油酸酒精溶 液一滴一滴地滴人小量筒中, 测出 $1 \\mathrm{~mL}$ 油酸酒精溶液的滴数, 得到一滴溶液中纯油酸的 体积;\n\n为得到油酸分子的直径, 由 $\\mathrm{d}=\\frac{\\mathrm{V}}{\\mathrm{S}}$, 还需测量的物理量是单分子层油膜的面积;\n\n故答案为：使油酸在浅盘的水面上容易形成一块单分子层油膜；把油酸酒精溶液一滴一 滴地滴人小量筒中, 测出 $1 \\mathrm{~mL}$ 油酸酒精溶液的滴数, 得到一滴溶液中纯油酸的体积; 单 分子层油膜的面积。\n",
            "index": 37,
            "score": 5
        },
        {
            "year": "2019",
            "category": "（新课标ⅲ）",
            "question": "15. 水槽中, 与水面接触的两根相同细杆固定在同一个振动片上。振动片做简谐振动时, 两 根细杆周期性触动水面形成两个波源。两波源发出的波在水面上相遇, 在重叠区域发生 干涉并形成了干涉图样。关于两列波重叠区域内水面上振动的质点, 下列说法正确的是\nA. 不同质点的振幅都相同\nB. 不同质点振动的频率都相同\nC. 不同质点振动的相位都相同\nD. 不同质点振动的周期都与振动片的周期相同\nE. 同一质点处, 两列波的相位差不随时间变化\n",
            "answer": "BD\n",
            "analysis": "【解答】解：ABD. 由题意可知两列波的周期与频率相同, 即这两列波为相干波, 形成 干涉图样后, 有加强与减弱区域, 处在不区域的质点的振幅不一样, 但不同的质点, 振 动的频率和周期与波源的频率和周期相同, 即不同的质点的振动频率相同, 故 A 错误, BD 正确;\n\nC. 不同位置处的质点起振的先后顺序不同, 离波距离不同的质点, 振动的相位是不同的, 故 C 错误;\n\nE. 同一质点, 两列波传播到该质点的时间差是一定的, 故两列波的相位差是恒定的, 不 随时间变化，故 E 正确。\n\n故选: $\\mathrm{BDE}_{\\text {。 }}$\n",
            "index": 38,
            "score": 10
        },
        {
            "year": "2020",
            "category": "（新课标ⅰ）",
            "question": "11. (12 分) 我国自主研制了运 - 20 重型运输机。飞机获得的升力大小 $\\mathrm{F}$ 可用 $\\mathrm{F}=\\mathrm{kv}^{2}$ 描写, $\\mathrm{k}$ 为系数; $\\mathrm{v}$ 是飞机在平直跑道上的滑行速度, $\\mathrm{F}$ 与飞机所受重力相等时的 $\\mathrm{v}$ 称为飞机的 起飞离地速度。已知飞机质量为 $1.21 \\times 10^{5} \\mathrm{~kg}$ 时, 起飞离地速度为 $66 \\mathrm{~m} / \\mathrm{s}$; 装载货物后质 量为 $1.69 \\times 10^{5} \\mathrm{~kg}$, 装载货物前后起飞离地时的 $\\mathrm{k}$ 值可视为不变。\n\n(1) 求飞机装载货物后的起飞离地速度;\n\n(2) 若该飞机装载货物后, 从静止开始匀加速滑行 $1521 \\mathrm{~m}$ 起飞离地, 求飞机在滑行过 程中加速度的大小和所用的时间。\n",
            "answer": "( 1 ) 飞机装载货物后的起飞离地速度为 $78 \\mathrm{~m} / \\mathrm{s}$;\n\n(2) 若该飞机装载货物后, 从静止开始匀加速滑行 $1521 \\mathrm{~m}$ 起飞离地, 飞机在滑行过程 中加速度的大小为 $2 \\mathrm{~m} / \\mathrm{s}^{2}$, 所用的时间为 $39 \\mathrm{~s}$ 。\n",
            "analysis": "【解答】解: (1) 令飞机装载货物前的起飞速度为 $\\mathrm{v}_{1}$, 飞机的质量为 $\\mathrm{m}$ 离地时有 $\\mathrm{kv} \\mathrm{v}_{1}^{2}=\\mathrm{mg}$,\n\n代人数据解得 $\\mathrm{k}=\\frac{1}{36} \\times 10^{4} \\mathrm{~N} \\cdot \\mathrm{s}^{2} / \\mathrm{m}^{2}$,\n\n令飞机装载货物后的质量为 $\\mathrm{m}^{\\prime}$, 飞机的起飞速度为 $\\mathrm{v}_{2}$,\n\n则当飞机起飞时有 $\\mathrm{kv} \\mathrm{2}_{2}^{2}=\\mathrm{m}^{\\prime} \\mathrm{g}$ ，\n\n则 $\\mathrm{v}_{2}=78 \\mathrm{~m} / \\mathrm{s}$;\n\n(2) 根据运动学公式可知, 飞机在滑行过程中加速度的大小为 $\\mathrm{a}=\\frac{\\mathrm{v}_{2}^{2}}{2 \\mathrm{x}}=2 \\mathrm{~m} / \\mathrm{s}^{2}$,\n\n所用时间为 $\\mathrm{t}=\\frac{\\mathrm{v}_{2}}{\\mathrm{a}}=39 \\mathrm{~s}$ 。\n\n答: ( 1 ) 飞机装载货物后的起飞离地速度为 $78 \\mathrm{~m} / \\mathrm{s}$;\n\n(2) 若该飞机装载货物后, 从静止开始匀加速滑行 $1521 \\mathrm{~m}$ 起飞离地, 飞机在滑行过程 中加速度的大小为 $2 \\mathrm{~m} / \\mathrm{s}^{2}$, 所用的时间为 $39 \\mathrm{~s}$ 。\n",
            "index": 39,
            "score": 12
        },
        {
            "year": "2020",
            "category": "（新课标ⅰ）",
            "question": "14. (10 分) 甲、乙两个储气罐储存有同种气体 ( 可视为理想气体)。甲罐的容积为 $\\mathrm{V}$, 罐 中气体的压强为 $\\mathrm{p}$; 乙罐的容积为 $2 \\mathrm{~V}$, 罐中气体的压强为 $\\frac{1}{2} \\mathrm{p}$. 现通过连接两罐的细管把 甲罐中的部分气体调配到乙罐中去, 两罐中气体温度相同且在调配过程中保持不变, 调 配后两罐中气体的压强相等。求调配后\n\n( i ) 两罐中气体的压强;\n\n(ii ) 甲罐中气体的质量与甲罐中原有气体的质量之比。\n",
            "answer": "(i ) 两罐中气体的压强为 $\\frac{2}{3} p$;\n\n( ii ) 甲罐中气体的质量与甲罐中原有气体的质量之比为 $\\frac{2}{3}$ 。\n",
            "analysis": "【解答】解: ( i ) 对两罐中的甲、乙气体, 气体发生等温变化, 根据玻意尔定律有: $\\mathrm{pV}+\\frac{1}{2} p \\cdot 2 \\mathrm{~V}=\\mathrm{p}^{\\prime} \\cdot 3 \\mathrm{~V}$\n\n解得甲乙中气体最终压强为: $p^{\\prime}=\\frac{2}{3} p$\n\n( ii ) 若调配后将甲气体再等温压缩到气体原来的压强为 $\\mathrm{p}$, 根据玻意尔定律得: $p^{\\prime} \\mathrm{V}=$ $\\mathrm{pV}^{\\prime}$\n\n计算可得： $V^{\\prime}=\\frac{2}{3} \\mathrm{~V}$\n\n由密度定律解得质量之比等于: $\\frac{m_{\\text {现 }}}{m_{\\text {原 }}}=\\frac{\\mathrm{V}^{\\prime}}{\\mathrm{V}}=\\frac{2}{3}$ 答: (i ) 两罐中气体的压强为 $\\frac{2}{3} p$;\n\n( ii ) 甲罐中气体的质量与甲罐中原有气体的质量之比为 $\\frac{2}{3}$ 。\n",
            "index": 40,
            "score": 10
        },
        {
            "year": "2020",
            "category": "（新课标ⅰ）",
            "question": "15. 在下列现象中，可以用多普勒效应解释的有（）\nA. 雷雨天看到闪电后, 稍过一会儿才能听到雷声\nB. 超声波被血管中的血流反射后, 探测器接收到的超声波频率发生变化\nC. 观察者听到远去的列车发出的汽笛声，音调会变低\nD. 同一声源发出的声波，在空气和水中传播的速度不同\nE. 天文学上观察到双星 (相距较近、均绕它们连线上某点做圆周运动的两颗恒星) 光谱 随时间的周期性变化\n",
            "answer": "BC\n",
            "analysis": "【解答】解: A、发生雷电时, 人们利用看见闪电与听见雷声的时间间隔来估算自己与雷 电发生处之间的距离是通过光速远大于声速, 用这个时间间隔乘声速来估算的, 故它不 属于多普勒效应的应用, 故 A 错误;\n\nB、医生向人体内发射频率已知的超声波, 根据接收到的被血管中的血流反射后的超声波 的频率变化, 判断血流的速度是否正常也属于声波多普勒效应的应用, 故 B 正确;\n\nC、根据多普勒效应可知, 当波源和观察者间距变小, 观察者接收到的频率一定比波源频 率高; 当波源和观察者距变大, 观察者接收到的频率一定比波源频率低, 因此观察者听 到远去的列车发出的汽笛声，音调会变低，属于多普勒效应，故 C 正确;\n\nD、同一声源发出的声波, 在空气和水中传播的速度不同, 是由于介质折射率不同导致的, 与多普勒效应无关，故 D 错误;\n\nE、天文学上观察到双星 (相距较近、均绕它们连线上某点做圆周运动的两颗恒星) 光谱 随时间的周期性变化, 可通过接收的光频率变化来判定双星运动情况, 属于光波的多普 勒效应的原理应用，故 E 正确；\n\n故选: BCE。\n",
            "index": 41,
            "score": 5
        },
        {
            "year": "2020",
            "category": "（新课标ⅱ）",
            "question": "13. ( 5 分 ) 下列关于能量转换过程的叙述, 违背热力学第一定律的有 $\\mathrm{B}$, 不违背热力学 第一定律、但违背热力学第二定律的有 $\\mathrm{C}$ 。( 填正确答案标号 )\nA. 汽车通过燃烧汽油获得动力并向空气中散热\nB. 冷水倒人保温杯后, 冷水和杯子的温度都变得更低\nC. 某新型热机工作时将从高温热源吸收的热量全部转化为功, 而不产生其他影响\nD. 冰箱的制冷机工作时从箱内低温环境中提取热量散发到温度较高的室内\n",
            "answer": "B; C。\n",
            "analysis": "【解答】解: $\\mathrm{A}$ 、汽车通过燃烧汽油获得动力并向空气中散热的过程不违背热力学第一定 律，也不违背热力学第二定律；\n\nB、冷水倒人保温杯后, 冷水和杯子的温度都变得更低需要对外发出热量或对外做功, 而 保温杯隔断了热传递过程，水也没有对外做功，所以该过程违背热力学第一定律；\n\nC、某新型热机工作时将从高温热源吸收的热量全部转化为功, 而不产生其他影响, 该过 程不违背热力学第一定律、但违背热力学第二定律;\n\nD、冰箱的制冷机工作时从箱内低温环境中提取热量散发到温度较高的室内, 但要消耗电 能，引起了其它变化，该过程不违背热力学第一定律、也不违背热力学第二定律。\n\n故答案为: B; C。\n",
            "index": 42,
            "score": 5
        },
        {
            "year": "2020",
            "category": "（新课标ⅱ）",
            "question": "15. 用一个摆长为 $80.0 \\mathrm{~cm}$ 的单摆做实验, 要求摆动的最大角度小于 $5^{\\circ}$, 则开始时摆球拉 离平衡位置的距离应不超过 _______ $\\mathrm{~cm}$ ( 保留 1 位小数)。( 提示: 单摆被拉开小角度的情 况下, 所求的距离约等于摆球沿圆弧移动的路程。) 某同学想设计一个新单摆, 要求新单 摆摆动 10 个周期的时间与原单摆摆动 11 个周期的时间相等。新单摆的摆长应该取为\n\n_______ $\\mathrm{~cm}$\n",
            "answer": "$6.9 ; 96.8$\n",
            "analysis": "【解答】解: 当摆动的角度为 $5^{\\circ}$ 时, 摆球拉离平衡位置的距离最大, 设为 $\\mathrm{s}$, 则根据题 意得 $\\mathrm{s}=\\frac{5 \\pi \\mathrm{L}}{180} \\approx \\frac{5 \\times 3.14 \\times 0.8}{180} \\pi \\approx 6.9 \\mathrm{~cm}$, 故开始时摆球拉离平衡位置的距离应不超过 $6.9 \\mathrm{~cm} ;$\n\n单摆的周期公式 $T=2 \\pi \\sqrt{\\frac{\\mathrm{L}}{g}}$, 设原来单摆的周期为 $T$, 新单摆的周期为 $T^{\\prime}$, 根据题意 知 $11 \\mathrm{~T}=10 \\mathrm{~T}^{\\prime}$, 则 $\\frac{\\mathrm{T}^{\\prime}}{\\mathrm{T}}=\\sqrt{\\frac{\\mathrm{L}^{\\prime}}{\\mathrm{L}}}=\\frac{11}{10}$, 则 $\\mathrm{L}^{\\prime}=\\frac{121}{100} \\mathrm{~L}=\\frac{121}{100} \\times 80 \\mathrm{~cm}=96.8 \\mathrm{~cm}$;\n\n故答案为: $6.9 ; 96.8$\n",
            "index": 43,
            "score": 10
        },
        {
            "year": "2021",
            "category": "（全国乙卷）",
            "question": "11. 一篮球质量为 $m=0.60 \\mathrm{~kg}$, 一运动员使其从距地面高度为 $h_{1}=1.8 \\mathrm{~m}$ 处由静止自由落下,\n\n反弹高度为 $h_{2}=1.2 \\mathrm{~m}$ 。若使篮球从距地面 $h_{3}=1.5 \\mathrm{~m}$ 的高度由静止下落, 并在开始下落的同 时向下拍球、球落地后反弹的高度也为 $1.5 \\mathrm{~m}$ 。假设运动员拍球时对球的作用力为恒力, 作用 时间为 $t=0.20 \\mathrm{~s}$; 该篮球每次与地面碰撞前后的动能的比值不变。重力加速度大小取 $g=10 \\mathrm{~m} / \\mathrm{s}^{2}$, 不计空气阻力。求:\n\n(1) 运动员拍球过程中对篮球所做的功;\n\n(2) 运动员拍球时对篮球的作用力的大小。\n",
            "answer": "(1) $W=4.5 \\mathrm{~J} ;$ (2) $F=9 \\mathrm{~N}$\n",
            "analysis": "【详解】（1）第一次篮球下落的过程中由动能定理可得\n\n$$\nE_{1}=m g h_{1}\n$$\n\n篮球反弹后向上运动的过程由动能定理可得\n\n$$\n0-E_{2}=-m g h_{2}\n$$\n\n第二次从 $1.5 \\mathrm{~m}$ 的高度静止下落, 同时向下拍球, 在篮球反弹上升的过程中, 由动能定理可得\n\n$$\n0-E_{4}=0-m g h_{4}\n$$\n\n第二次从 $1.5 \\mathrm{~m}$ 的高度静止下落, 同时向下拍球, 篮球下落过程中, 由动能定理可得\n\n$$\nW+m g h_{3}=E_{3}\n$$\n\n因篮球每次和地面撞击的前后动能的比值不变, 则有比例关系\n\n$$\n\\frac{E_{2}}{E_{1}}=\\frac{E_{4}}{E_{3}}\n$$\n\n代人数据可得\n\n$$\nW=4.5 \\mathrm{~J}\n$$\n\n(2) 因作用力是恒力, 在恒力作用下篮球向下做匀加速直线运动, 因此有牛顿第二定律可得\n\n$$\nF+m g=m a\n$$\n\n在拍球时间内运动的位移为\n\n$$\nx=\\frac{1}{2} a t^{2}\n$$\n\n做得功为\n\n$$\nW=F x\n$$\n\n联立可得\n\n$$\nF=9 \\mathrm{~N} \\quad(F=-15 \\mathrm{~N} \\text { 舍去 })\n$$\n",
            "index": 44,
            "score": 12
        },
        {
            "year": "2021",
            "category": "（全国甲卷）",
            "question": "16. 均匀介质中质点 $\\mathrm{A} 、 \\mathrm{~B}$ 的平衡位置位于 $x$ 轴上, 坐标分别为 0 和 $x_{\\mathrm{B}}=16 \\mathrm{~cm}$ 。某简谐横波沿 $x$ 轴正方向传 播, 波速为 $v=20 \\mathrm{~cm} / \\mathrm{s}$, 波长大于 $20 \\mathrm{~cm}$, 振幅为 $y=1 \\mathrm{~cm}$, 且传播时无衰减。 $t=0$ 时刻 $\\mathrm{A} 、 \\mathrm{~B}$ 偏离平衡位置的 位移大小相等、方向相同, 运动方向相反, 此后每隔 $\\Delta t=0.6 \\mathrm{~s}$ 两者偏离平衡位置的位移大小相等、方向相同。 已知在 $t_{1}$ 时刻 $\\left(t_{1}>0\\right)$ ，质点 $\\mathrm{A}$ 位于波峰。求\n\n(i) 从 $t_{1}$ 时刻开始, 质点 $\\mathrm{B}$ 最少要经过多长时间位于波峰;\n\n(ii) $t_{1}$ 时刻质点 $\\mathrm{B}$ 偏离平衡位置的位移。\n",
            "answer": "(i) $0.8 \\mathrm{~s}$; (ii) $-0.5 \\mathrm{~cm}$\n",
            "analysis": "【详解】(i) 因为波长大于 $20 \\mathrm{~cm}$, 所以波的周期\n\n$$\nT=\\frac{\\lambda}{v}>1.0 \\mathrm{~s}\n$$\n\n由题可知，波的周期是\n\n$$\nT=2 \\Delta t=1.2 \\mathrm{~s}\n$$\n\n波的波长\n\n$$\n\\lambda=v T=24 \\mathrm{~cm}\n$$\n\n在 $t_{1}$ 时刻 $\\left(t_{1}>0\\right)$, 质点 $\\mathrm{A}$ 位于波峰。因为 $\\mathrm{AB}$ 距离小于一个波长, $\\mathrm{B}$ 到波峰最快也是 $\\mathrm{A}$ 的波峰传过去, 所 以 从 $t_{1}$ 时刻开始, 质点 $\\mathrm{B}$ 运动到波峰所需要的最少时间\n\n$$\nt_{1}=\\frac{x_{A B}}{v}=0.8 \\mathrm{~s}\n$$\n\n(ii) 在 $t_{1}$ 时刻 $\\left(t_{1}>0\\right)$, 由题意可知, 此时图象的函数是 \n\n$$\ny=\\cos \\frac{\\pi}{12} x(\\mathrm{~cm})\n$$\n\n$t_{1}$ 时刻质点 $\\mathrm{B}$ 偏离平衡位置的位移\n\n$$\ny_{B}=\\cos \\frac{\\pi}{12} x_{B}(\\mathrm{~cm})=-0.5 \\mathrm{~cm}\n$$\n",
            "index": 45,
            "score": 10
        },
        {
            "year": "2022",
            "category": "（全国乙卷）",
            "question": "15. 介质中平衡位置在同一水平面上的两个点波源 $\\mathrm{S}_{1}$ 和 $\\mathrm{S}_{2}$, 二者做简谐运动的振幅相等, 周期均为 $0.8 \\mathrm{~s}$, 当 $\\mathrm{S}_{1}$ 过平衡位置向上运动时, $\\mathrm{S}_{2}$ 也过平衡位置向上运动. 若波速为 $5 \\mathrm{~m} / \\mathrm{s}$, 则由 $\\mathrm{S}_{1}$ 和 $\\mathrm{S}_{2}$ 发出的简谐横波的 波长均为 $\\mathrm{m} 。 P$ 为波源平衡位置所在水平面上的一点, 与 $\\mathrm{S}_{1} 、 \\mathrm{~S}_{2}$ 平衡位置的距离均为 $10 \\mathrm{~m}$, 则两波 在 $P$ 点引起的振动总是相互 (填 “加强”或 “削弱” ) 的; 当 $\\mathrm{S}_{1}$ 恰好在平衡位置向上运动时, 平衡 位置在 $P$ 处的质点 (填“向上”或 “向下”) 运动。\n",
            "answer": "(1). 4\n(2). 加强\n(3). 向下\n",
            "analysis": "【详解】 [1]因周期 $T=0.8 \\mathrm{~s}$, 波速为 $v=5 \\mathrm{~m} / \\mathrm{s}$, 则波长为\n\n$$\n\\lambda=v T=4 \\mathrm{~m}\n$$\n\n[2]因两波源到 $P$ 点的距离之差为零, 且两振源振动方向相同, 则 $P$ 点的振动是加强的;\n\n[3] 因 $S_{1} P=10 \\mathrm{~m}=2.5 \\lambda$, 则当 $S_{1}$ 恰好的平衡位置向上运动时, 平衡位置在 $P$ 点的质点向下振动。\n",
            "index": 46,
            "score": 10
        }
    ]
}