{
    "keywords": "2010-2022_Geography_Open-ended_Questions",
    "example": [
        {
            "year": "2010",
            "category": "（新课标卷）",
            "question": "16．甘肃民勤是我国沙尘暴多发地区之一． 1998～2006年间平均每年发生沙尘\n暴11次．分析甘肃民勤春季沙尘暴频发的地理因素．\n",
            "answer": "民勤周围沙漠广布（沙源丰富）（植被少），春季升温快、降水少 ，\n地表干燥，易起沙；气旋与冷空气活动频繁（恰位于寒  潮南下的路径上），\n多大风天气．受地形影响（狭管效应），地面风速增强．\n",
            "analysis": "解：春季沙尘暴频发的原因与气候（气温高，降水少 ），地形和人为原\n因等密切相关．\n",
            "index": 0,
            "score": 10
        },
        {
            "year": "2011",
            "category": "（新课标）",
            "question": "16．【环境保护 】某区域内湿地呈斑块状分布 ，表1中的数据反映该区域湿地的\n变化．  \n年份  湿地斑块数目（块）  湿地总面积（ hm2） 湿地比率（ %） \n1976  2251  88893  42.99  \n1986  3721  39639  19.17  \n2005  1973  19230  9.30  \n阅读资料 ，分析该区域不同时段湿地变化的特点 ，说明湿地变化对环境的不利影\n响．\n",
            "answer": "变化特点： 1976～1986年，湿地斑块数量显著增加，湿地破碎，湿地面积大幅\n度减少．      \n1986～2005年，湿地斑块数量和面积明显减少，湿地萎缩．  \n不利影响：涵养水源能力减弱；小气候变差；植被覆盖率下降；土壤侵蚀加剧 ；\n生态平衡破坏；生物栖息地减少：生物种类（数量）减少等．\n",
            "analysis": "解：对比表中不同年份的数据的变化， 可知 1976 ﹣1986年，湿地斑块\n数量显著增加，湿地破碎，湿地面积大幅度减少． 1986 ﹣2005年，湿地斑块\n数量和面积明显减少，湿地萎缩；结合湿地的生态环境效益，可知湿地减少\n对环境产生不利影响有 ：涵养水源能力减弱 ；小气候变差 ；植被覆盖率下降 ；\n  土壤侵蚀加剧；生态平衡破坏；生物栖息地减少；生物种类减少等．\n",
            "index": 1,
            "score": 10
        },
        {
            "year": "2013",
            "category": "（新课标ⅱ）",
            "question": "15．（ 10分）阅读材料，完成下列要求．  \n经过长期的农业生产实践 ，我国各地不同农作物的播种 、收获等的时间相对固定\n，否则会影响农作物的产量和质量． 2013午4月，东北地区持续低温，大田\n春播时间普遍比常年推迟 7～10天．  \n分析 4月份持续低温对东北地区农作物产量和质量的影响．\n",
            "answer": "4月份为春季，东北地区处于播种的季节，持续低温会影响农作物生\n长时间，推迟播种期，扰乱作物生长节律，导致作物产量减少，质量降低．\n",
            "analysis": "解：东北（农作物春播秋收，一年一熟， ）适宜农作物生长的时间较短\n．春播推迟 7～10天，即农作物生长期缩短了 7～10天；错过适宜的播种期 ，\n扰乱了农作物正常的生长节律．所以，农作物的产量会减少，质量会降低．\n",
            "index": 2,
            "score": 10
        },
        {
            "year": "2014",
            "category": "（新课标ⅱ）",
            "question": "14．（ 10分）某学习小组在探讨 “老工业区如何转型 ”的活动中，发现德国鲁尔\n区在转型过程中，利用原有的生产设备等工业遗产资源，开发了能够吸引人\n们了解工业文明和工业化历史，具有独特观光、休闲等功能的工业遗产旅游\n  产品．  \n提出老工业区的工业遗产资源，并设计老工业区工业遗产旅游项目．\n",
            "answer": "工业遗产资源 ：老工业区的厂房、等建筑，以及生产设备、工艺、流\n程、管理等工业遗产和遗迹．  \n工业遗产旅游项目 ：参观老工业区的厂房、 车间以及工业遗产博物馆 ；利用多媒\n体手段再现原生产生活实景 ；体验原生产流程等 ；在由老厂房改造成的餐厅 、\n酒吧、画廊等场所消费，休憩．\n",
            "analysis": "解：老工业区的工业遗产资源有老工业区的厂房、等建筑，以及生产设\n备、工艺、流程、管理等工业遗产和遗迹．老工业区工业遗产设计成的旅游\n项目有参观老工业区的厂房、车间以及工业遗产博物馆；利用多媒体手段再\n  现原生产生活实景；体验原生产流程等；在由老厂房改造成的餐厅、酒吧、\n画廊等场所消费，休憩．\n",
            "index": 3,
            "score": 10
        },
        {
            "year": "2014",
            "category": "（新课标ⅱ）",
            "question": "16．（ 10分）中华秋沙鸭为我国一级重点保护鸟类， 目前全国只有 1000只左右\n．中华秋沙鸭生活在河流与小型湖泊等湿地中，主要以淡水鱼、虾等为食．\n以长白山某河流作为繁殖地的中华秋沙鸭种群 ，春季为 50只左右，秋季迁徙\n时，数量增至 200只左右．但只有近百只到达赣东北的越冬地．而第二年春\n季只有 50余只返回繁殖地．  \n分析中华秋沙鸭在迁徙途中不断死亡 ，导致数量减少的可能原因 ，并提出保护对\n策．\n",
            "answer": "可能原因 ：迁徙路线上缺少湿地等休憩和觅食地， 疲劳饥饿致死 ；食\n用了被污染的鱼虾；人或动物的猎杀等．  \n保护对策 ：在迁徙路线上建设与恢复湿地， 使湿地间距小于单日迁徙距离 ；治理\n水体污染；严禁猎杀；在迁徙路线上建立观测点，组织志愿者观察与保护；\n做好保护中华秋沙鸭的宣传工作等．\n",
            "analysis": "解：中华秋沙鸭在迁徙途中不断死亡，导致数量减少的可能原因为迁徙\n路线上缺少湿地等休憩和觅食地，疲劳饥饿致死；食用了被污染的鱼虾；人\n或动物的猎杀等．保护对策为在迁徙路线上建设与恢复湿地，使湿地间距小\n于单日迁徙距离；治理水体污染；严禁猎杀；在迁徙路线上建立观测点，组\n织志愿者观察与保护；做好保护中华秋沙鸭的宣传工作等．\n",
            "index": 4,
            "score": 10
        },
        {
            "year": "2015",
            "category": "（新课标ⅰ）",
            "question": "16．近年来，我国道路施工愈加注重保护环境 ．喀斯特地区土层薄 ，保护土壤尤\n为重要．在南方喀斯特地区修建公路，开挖石料和堆放弃料前后需采取必要\n的措施，以在工程结束后，仍在原地维持土壤的生产功能．  \n指出为达到保护土壤的目的 ，在南方喀斯特地区开挖石料和堆放弃料前后应采取\n的措施，并简述理由．\n",
            "answer": "措施：之前，将土壤移走，集中堆放并作保护措施（四周围挡，表面覆盖 ）；之\n后，将土壤再覆盖在石料开挖场或弃料堆放场的表面，并采取防止土壤流失\n的措施．  \n理由：喀斯特地区土层薄，易被移走；南方地区雨水多，土壤易流失，需保护 ．\n",
            "analysis": "解：我国南方地区气候湿润，降水丰富，流水侵蚀作用强烈．在开挖石\n料之前，应收集表层土壤并就近集中堆放，在堆放过程中，可建设围墙以防\n止水土流失 ．堆放弃料后 ，应对弃料进行压实 ，把收集的土壤平铺到弃料上 ，\n并采取防止土壤流失的措施以利于复耕复种．\n",
            "index": 5,
            "score": 10
        },
        {
            "year": "2015",
            "category": "（新课标ⅱ）",
            "question": "16．贵州省某喀斯特山区石漠化严重 ．农民在山上放牧 、砍柴、找土种玉米 ．当\n地农民反映，山上的土一年比一年薄，一发大水，土全被冲走了，玉米也被\n冲走了．石头越来越多，最后连玉米也无法种了，生活越来越困难．  \n简述为改善环境并提高人民的生活水平，当地政府应采取的具体措施．\n",
            "answer": "①严格管理， 恢复自然植被 ：将农业生产活动限制在适宜的地方 ；不适宜的地方\n实行严格保护措施，避免人类活动扰动土层，以逐步恢复自然植被．  \n②产业结构调整 ：引导农民调整产业结构，如选择免耕的农作物，改牲畜放养为\n圈养等，以避免农业活动过多扰动山地很薄的土壤层．  \n③合理规划， 控制人口数量 ：按环境承载能力规划人口，将超过环境承载力的人\n口转移到较适宜的地区．  \n④经济补贴措施 ：给农民适当经济补贴（包括粮食、商品能源等 ），解决农民的\n生活用粮 、用柴等问题 ，帮助农民开辟新的生计 （如手工业 、第三产业等） ．\n或以经济手段鼓励农民主动保护和恢复植被．  \n⑤加大环境保护宣传力度 ：通过实际情况的对比，使农民认识保护山坡、石间土\n层的重要性，提高农民的保护环境的自觉性．  \n⑥吸引社会力量：以优惠政策鼓励个人和企业参与保护和治理环境．  \n⑦客土移植：将土壤资源丰富地区的土壤转移至该地区．\n",
            "analysis": "解：分析材料结合所学知识可知，造成云贵水土流失，出现石漠化的原\n因主要是由于人口快速增长，引起土地资源的过度利用，出现过度樵采，过\n度放牧，过度农垦造成的，因而要加强管理，恢复自然植被，引导农民进行\n产业结构调整，采取经济补贴的形式鼓励农民自觉保护环境，帮助农民寻找\n新的经济来源，提高经济收入，同时也要加大环境保护宣传力度，吸引社会\n力量参与保护和治理环境，在土壤资源丰富的地区实施客土移植，以有效快\n速恢复植被．\n",
            "index": 6,
            "score": 10
        },
        {
            "year": "2016",
            "category": "（新课标iii）",
            "question": "16．长江刀鱼是洄游性鱼类，每年春天从长江口进入长江干流、支流以及通江湖 泊湿地产卵、孵化．长江刀鱼曾经是寻常百姓家餐桌上的美味佳肴．近年来 长江刀鱼资源严重衰竭． 分析导致长江刀鱼资源衰竭的原因并提出保护措施．\n",
            "answer": "原因：过度捕捞；河湖湿地减少；水体污染．（其他合理答案酌情评分） 措施：禁止过度捕捞，规定休渔期；保护湿地；治理河流污染；人工孵化，放养 鱼苗等．（答出两项即可得满分．其他合理答案酌情评分）\n",
            "analysis": "【解答】解：刀鱼资源减少的原因有过渡捕捞和生存环境的破坏．措施可以针对 过度捕捞，可采取的保护措施是禁止过度捕捞；针对河流污染，可采取的保 护措施是治理河流污染等等．所以导致长江刀鱼资源衰竭的原因是长江刀鱼 味道鲜美，价格昂贵，人类过度捕捞，河湖湿地减少，水体污染．保护措施 有禁止过度捕捞，规定休渔期；保护湿地；治理河流污染；人工孵化，放养 育苗等\n",
            "score": 10,
            "index": 7
        },
        {
            "year": "2016",
            "category": "（新课标ⅰ）",
            "question": "15．（ 10分）古乡沟位于青藏高原东南部， 上游地区有 6条冰川，沟谷有厚度\n达300多米的堆积物．中游河谷狭窄．冰川末端深入森林带．每年夏秋季常\n有冰川泥石流爆发，其破坏力在世界上是罕见的．  \n分析古乡沟夏秋季节冰川泥石流破坏力巨大的原因．\n",
            "answer": "深厚的松散堆积物提供了异常丰富的物质条件 ；夏秋气温高，冰川强烈消融．此\n时降水较为丰沛，冰川融水与降水叠加，提供了极为丰沛的水源；狭窄的河\n谷，巨大的落差，积累了巨大的能量．\n",
            "analysis": "解：“古乡沟位于青藏高原东南部 ”说明地形坡度大 ；材料中提到上游地\n区有 6条冰川，夏秋季冰雪融水重大，同时降水也多，提供了充足的水源条\n件；沟谷有厚度达 300多米的堆积物， 提供了丰富的物质条件 ；狭窄的河谷 ，\n落差大，水流急，为泥石流发生积累具体的能量．所以破坏力巨大．\n",
            "index": 8,
            "score": 10
        },
        {
            "year": "2016",
            "category": "（新课标ⅱ）",
            "question": "16．随着电子商务的快速发展，我国快递业保持高速发展的态势． 2015年我国\n快递业务量完成 206亿件，同比增长 48%，快递业务收入完成 2760亿元．与\n此同时，由快递业带来的环境污染问题也日益突出．  \n说明废弃的快递外包装可能带来的主要环境污染问题，并提出解决措施．\n",
            "answer": "环境污染问题 ：快递外包装会产生大量的包装盒（袋 ）、胶带等固体废弃物 ；不\n可降解的包装塑料袋和胶带等会对环境造成污染．  \n解决措施 ：推广使用环保的外包装材料， 实行绿色包装 ；在确保货物不受损坏的\n情况下，实行适度包装；对外包装中的纸张（纸盒）等可利用废弃品，实行\n分类回收．\n",
            "analysis": "解：快递外包装主要会产生大量的包装纸、及难以降解的胶带和塑料口\n袋．措施是使用环保材质的包装、减少过度包装、废弃物回收利用等．\n",
            "index": 9,
            "score": 10
        },
        {
            "year": "2017",
            "category": "（新课标iii）",
            "question": "14．（10 分）负地形是指从地面向下发育的地形，发育程度越高，高差越大， 重庆武隆地处乌江东南缘，其喀斯特景观以负地形（峡谷、溶洞、竖井等） 高度发育著称，2007 年被联合国教科文组织列入世界自然遗产名录． 请指出武隆喀斯特景观特点对旅游活动的不利影响，并提出应对措施．\n",
            "answer": "不利影响：武隆喀斯特景观负地形发育程度高，高差大，地势起伏大， 交通通达度差；交通不便，游览所花费时间及费用较大；溶洞等地形容易发 生坍塌，影响游客安全． 措施：大力发展交通等基础设施建设，提高交通通达度；在交通运输线路布局和 规划时，应充分注意地质条件的影响，通过工程措施加以防范；在旅游过程 中对游客要进行安全教育，加强安全防护措施；对于地质条件复杂、地质结 构稳定性差的地区应当选择安全性高的路线等．\n",
            "analysis": "【解答】解：武隆喀斯特负地形对旅游活动的不利影响主要从地势、地质条件对 交通、安全等方面的影响角度考虑． 措施主要针对武隆喀斯特地貌对旅游活动的不利影响进行分析．\n",
            "score": 10,
            "index": 10
        },
        {
            "year": "2017",
            "category": "（新课标iii）",
            "question": "15．（10 分）人们受经济利益驱动，砍伐热带雨林，种植橡胶、油棕等热带经 济作物．观测发现，在一些地区，人工种植的橡胶林内湿度明显低于雨林． 分析这些地区人工种植的橡胶林与雨林湿度低的原因\n",
            "answer": "橡胶树对水分的需求量比雨林大，蒸腾作用强烈，水分散失量大；橡 胶树植株量较少，空气流通快，水汽散失快；容易导致土地干燥，土壤蒸发 到空气中的水汽减少；橡胶树保持水土、涵养水源的能力较差，影响生态环 境和气候变化；人工种植的橡胶林生态系统单一，单位面积生物量较少，不 利于保持空气湿度．\n",
            "analysis": "【解答】解：仔细阅读材料，根据材料生长习性可以推断，同样气候条件下橡胶 树水分的消耗大，土壤中水分含量应该降低，空气湿度会较低，根据雨林到 橡胶林的变化，生态系统单一，植株量减少，空气流动性强，水分散失，湿 度低．\n",
            "score": 10,
            "index": 11
        },
        {
            "year": "2017",
            "category": "（新课标ⅰ）",
            "question": "15．（ 10分）干旱区的柽柳为耐旱灌木，侧向枝条多，种子多，不易发生病虫\n害，移栽易成活 ．近年来，某东北林区的公路绿化中引种了柽柳 ，生长良好 ，\n然而不久，在公路两侧的天然林中，发现了柽柳幼苗．  \n分析该林区潜在的柽柳入侵天然林的危害．\n",
            "answer": "柽柳侧向枝条多， 入侵公路两侧的天然林中容易影响交通安全 ；公路\n两侧柽柳疯长，增加城市管理成本；柽柳种子多，容易成活，数量过多容易\n导致天然林树种结构改变， 其他树种减少 ；容易导致林区动物生存环境改变 ，\n威胁其生存．\n",
            "analysis": "解：结合柽柳自身的特点说明生物入侵造成的危害，注意结合材料，侧\n重说对周围生态环境造成的影响．柽柳从外地自然传入或人为引种后成为野\n生状态，由于其具有耐旱且种子多，不易发生病虫害，且移栽容易成活，灵\n活适应环境变化等特征，因此在东北地区适宜的土壤、气候和缺少天敌抑制\n的条件下长势难以控制，压制或排挤本地物种，形成单优势种群，危及本地\n物种的生态，最终导致生物多样性的丧失．\n",
            "index": 12,
            "score": 10
        },
        {
            "year": "2017",
            "category": "（新课标ⅱ）",
            "question": "14．（ 10分）[地理 ﹣﹣选修 3：旅游地理 ] \n    茶花古道是以茶、马为主要商品，以马帮为主要运输方式的古代商道．该商\n道分布在滇、川、藏等地区，沿途穿越高山、峡谷、密林．暑期一群旅游爱\n好者计划沿茶马古道，开展徒步古道游，体验马帮文化．  \n从文化体验角度，指出他们应做的前期准备．\n",
            "answer": "了解茶马古道的历史兴衰 ；了解茶马古道的贸易产品 ；查阅茶马古道\n线路及途中的重要聚落、民族风土人情；搜集相关资料，了解茶马古道中的\n茶文化、马帮文化等．\n",
            "analysis": "解：根据材料可知，茶马古道主要在我国云南，四川，西藏等西南地区\n，而且沿途穿越高山，峡谷，密林等自然不利条件，所以首先应了解该地区\n的自然环境特征；其次了解马帮文化的特点，尊重当地习俗；由于途经青藏\n高原地区，海拔高，气温低，需要备好防寒衣物；空气稀薄，太阳辐射强，\n需要备好防晒霜和氧气袋．\n",
            "index": 13,
            "score": 10
        },
        {
            "year": "2018",
            "category": "（新课标iii）",
            "question": "（10 分） 15．“洪水一片天，枯水一条线”是鄱阳湖的真实写照，“堑秋湖”是鄱阳湖区一种 传统的捕鱼作业模式。渔民在湖滩筑堤，形成一个个碟形湖，以便秋季鄱阳 湖退水时截留更多的水和鱼。10 月份一些以水生动物为食物的侯鸟陆续迁入 湖区越冬，渔民也开始在碟形湖放水捕鱼，至次年 1 月，碟形湖水干鱼尽。3 月份侯鸟陆续迁离。 分析“堑秋湖”捕鱼模式对鄱阳湖区候鸟越冬的积极和消极影响，并针对其消极影 响提出改进建议\n",
            "answer": "积极影响：扩大了鄱阳湖区越冬候鸟觅食和栖息的范围。 消极影响：碟形湖水干鱼尽的时间，早于候鸟迁离得时间，减少候鸟食物来源和 缩小栖息地方位。 改进建议：采用分批次轮流放水，或延长放水时间，或只捕大鱼留下底水和小鱼 等方式，以保证候鸟在迁离前有足够食物和栖息地；依法对湖区生态环境进 行保护，对渔民为护鸟而产生的经济损失给予补偿。\n",
            "analysis": "【解答】解：积极影响：渔民也开始在碟形湖放水捕鱼，为候鸟提供了更多的食 物。 消极影响：至次年 1 月，碟形湖水干鱼尽，3 月份侯鸟陆续迁离，说明 1﹣2 月 份尚未迁离的候鸟的食物来源比较少，栖息空间小。 建议：延长防水时间，为猴年提供更多的食物，放大碟形湖，扩大鸟类的栖息空 间；加强环保法律法规建设，杜绝违法捕鸟行为。\n",
            "score": 10,
            "index": 14
        },
        {
            "year": "2018",
            "category": "（新课标ⅰ）",
            "question": "14．（ 10分） 2017年8月8日，九寨沟发生里氏 7.0級地震。在震后重建规划\n中，当地有关部门制定了扩大生态保护区面积、扩大农牧发展区面积、适度\n减少旅游产业聚集区和人口聚集区面积等多项土地利用优化措施。  \n分别说明上述措施对九寨沟旅游发展的意义。\n",
            "answer": "扩大生态保护区面积有利于保护景区内的生物多样性 ，保持优美的景色 ，吸引游\n客来访；扩大农牧发展区面积，有利于景区内的经济良好发展；减少旅游聚\n集区能够防止旅游业过度发展带来的环境破坏。\n",
            "analysis": "解：扩大生态保护区，有利于促进生态环境的保护，提升景区观赏性和\n吸引力；扩大农牧区发展面积，有利于提高景区观赏多样性，促进景区经济\n的综合发展；适度减少旅游业集聚区和人口集聚区面积，有利于优化服务区\n的分布，提升服务质量；降低对环境的压力，促进旅游业的可持续发展。\n",
            "index": 15,
            "score": 10
        },
        {
            "year": "2018",
            "category": "（新课标ⅱ）",
            "question": "14．（ 10分）我国某地的 “佛手山药 ”有三百多年的种植历史， 2009年国家农产\n品地理标态认证。 “佛手山药 ”形如手掌，品质优良，味道鲜美，营养丰富，\n过去，因深藏于大山之中，加之外形不规则，皮薄、贮存期短，长距离运输\n容易损坏或变质 ，“佛手山药 ”鲜为人知 。近年来，当地政府依托 “佛手山药 ”大\n力发展乡村旅游，带领农民走上脱贫致富之路。  \n（1）简述依托 “佛手山药 ”发展乡村旅游带来的效益。  \n（2）设计两项依托 “佛手山药 ”开展的旅游项目。\n",
            "answer": "（1）促进种植规模扩大，形成特色观光农业，增强吸引力，增加旅游收入；带\n动相关产业发展，增加就业机会；利于基础没施的完善，促进经济结构的调\n整，促进经济发展。  \n（2）农家乐旅游：游客全家一起挖、清洗山药，动手做当地的特色山药菜品或\n农副产品，体验乡村劳作，尤其是让小孩锻炼做家务的能力，体验生活。  \n特色摄影游 ：设计一些和佛手山药相关的一些摄影题材和摄影路线，吸引摄影爱\n好者摄影，提高佛手山药的品牌知名度。  \n特色美食品尝 ：组织游客参观山药从原料到产品的加工过程，并且参与其中的某\n些环节，并且品尝美食，体验其中乐趣。\n",
            "analysis": "解：（ 1）旅游效益主要从经济和社会两方面来分析。从经济效益来说 ，\n带动佛手山药种植业的发展，形成当地特色产业，拉动当地经济的发展；从\n社会效益来说，可以促进当地人口就业。  \n（2）依托佛手山药，可以设计挖掘山药，体验农民劳作；设计一些和佛手山药\n  相关的一些摄影题材和摄影路线，吸引摄影爱好者摄影，提高佛手山药的知\n名度；开发佛手山药美食等这样一些旅游项目。\n",
            "index": 16,
            "score": 10
        },
        {
            "year": "2018",
            "category": "（新课标ⅱ）",
            "question": "15．素有 “华北之肾 ”之称的白洋淀具有重要的生态服务价值 。白洋淀分布广泛的\n芦苇，曾是当地居民收入的重要支撑。但前些年由于其经济价值减弱，居民\n管护芦苇的积极性下降，大量芦苇弃收，出现了芦苇倒伏水中的现象。雄安\n新区设立后 ，管委会全面贯彻习近平总书记关于 “建设雄安新区 ，一定要把白\n洋淀修复好 、保护好 ”的指示精神 ，高度重视白洋淀的生态环境保护 ，积极推\n行芦苇的资源化综合利用，大大提高了当地居民管护，收割芦苇的积极性。  \n（1）指出芦苇对白洋淀生态功能的作用。  \n（2）说明当地居民积极管护、收割芦苇对白洋淀生态环境保护的意义。\n",
            "answer": "（1）增加空气湿度，调节局部小气候；芦苇对污染物抗性强，有一定的分解净\n化能力，能够维持白洋淀的水质；有发达的地下茎和迅速扩张的能力，促淤\n防蚀，防洪固堤；抑制藻类生长；可以为各类野生动物的栖息提供条件，有\n利于维护生态多样性。  \n（2）防止芦苇腐烂产生淤泥，使白洋淀沼泽化，白洋淀退化；及时收割防止腐\n烂，导致淀内水体污染水质下降；芦苇倒挂，会在水中腐烂，造成水体富营\n养化，及时收割可促进芦苇更新，提高芦苇净化水质的能力；更有利于维护\n生物多样性，促进生态平衡。\n",
            "analysis": "解：（ 1）芦苇根系发达，有利于保持水土，防风固沙；芦苇有利于吸\n收土壤盐分，改良盐碱地，枯枝落叶腐烂后转化为肥料，提升土壤肥力；芦\n苇通过蒸腾作用，增加空气湿度，起到净化空气的作用；芦苇能够吸收水中\n的各类污染物质，能够净化水质。  \n（2）减少倒伏芦苇对水体环境的破坏，发挥芦苇对水体环境的积极作用；减少\n芦苇过度生长对其他生物生存空间的挤占 ，维护生物多样性 ，促进生态平衡 。\n",
            "index": 17,
            "score": 10
        },
        {
            "year": "2019",
            "category": "（新课标iii）",
            "question": "[地理--选修 6：环境保护 10分] 15．农用大棚长期处于封闭或半封闭状态。随着使用年限增长，我国北方不少大棚内土壤次 生盐渍化逐渐显现，影响作物产量和品质。究其原因主要有：灌溉水含盐量高；过量施 用化肥等。 提出治理大棚土壤次生盐渍化的合理建议。\n",
            "answer": "减少化肥施用量、增施有机肥；利用淡水灌溉淋溶（洗）；夏季时去掉棚膜，利用雨水淋 溶（洗）；客土置换。\n",
            "analysis": "【解答】解：读材料可知，我国北方不少大棚内土壤次生盐渍化主要是因为灌溉水含盐 量高；过量施用化肥等。因此，要治理大棚土壤次生盐碱化要减少化肥使用、利用淡水 灌溉淋溶；夏季露天，利用雨水淋溶；客土置换。\n",
            "score": 10,
            "index": 18
        },
        {
            "year": "2019",
            "category": "（新课标ii）",
            "question": "[地理-选修 6：环境保护] 15．韩国首尔市的清溪川，历史上是一条著名的河流。20 世纪五六十年代，随着人口增长 和工业发展，清溪川的水质迅速恶化，后被覆盖为暗河，并在其上兴建了高架道路。2003 年当地启动“清溪川复原工程”：恢复自然河道；在河流两岸修建生态公园；建设独立排 污系统，对生活污水进行隔离处理；拆除高架道路，兴建各具特色的横跨河道的桥梁。 说明“清溪川复原工程”对改善当地环境的作用。\n",
            "answer": "恢复自然河道，恢复水生态环境：对污水隔离处理，有利于河流水质改善：恢复自然河 道，对局地微气候具有调节作用；河流两岸修建生态公园，能有效吸附灰尘，净化空气： 拆除高架，减少汽车尾气的排放。\n",
            "analysis": "【解答】解：读材料分析，清溪川复原工程是恢复自然河道，调节局部气候；在河流两 岸修建生态公园，美化环境、净化空气；设独立排污系统，对污水进行处理，改善河流水质；拆除高架道路，减少汽车尾气排放等。\n",
            "score": 10,
            "index": 19
        },
        {
            "year": "2019",
            "category": "（新课标i）",
            "question": "14．（10 分）安仁古镇位于成都市大邑县境内，地处成都平原西部，距成都市区 39 千米， 距大邑县城 8.5 千米。古镇内现有保存完好的民国时期公馆 27 座、现代博物馆 30 余座， 在全国同类小镇中首屈一指，素有“中国博物馆小镇”之称。近年来，安仁古镇开展了 以博物馆为特色的观光旅游，游客人数逐年增加，但同时也存在游客很少留宿古镇的现 象。简述游客在安仁古镇很少留宿的主要原因，并为当地吸引游客留宿古镇提出合理建议。\n",
            "answer": "主要原因：安仁古镇离成都市区（和大邑县城）近，大部分游客在观光旅游结束容易返 回市区（县城）。古镇旅游主要以参观博物馆和公馆为主，旅游项目相对单一，游客选择 余地较少。 合理建议：挖掘古镇现有旅游资源的文化内涵和价值（建立各种文创基地），开展深度体验游。充分利用古镇周边自然环境，拓展农家乐等乡村休闲体验游。改善古镇旅游环境， 提高旅游服务质量与水平等。\n",
            "analysis": "【解答】解：游客在安仁古镇很少留宿的主要原因要从旅游距离和旅游资源的集群状况 分析；当地吸引游客留宿古镇需要从游客数量与景区环境承载力的关系、改善交通状况 和旅游环境，建设旅游景点提高游客滞留的时间等方面分析。\n",
            "score": 10,
            "index": 20
        },
        {
            "year": "2020",
            "category": "（新课标ii）",
            "question": "[地理--选修 3：旅游地理]（10 分）14．（10 分）奥地利的哈尔斯塔特小镇以湖光山色、错落有致的特色建筑、古老的盐矿遗址 等而闻名，被联合国教科文组织列入世界文化遗产名录。每年有数十万游客来到这个仅 有千余居民的小镇观光。我国某企业选择国内自然景观相似的地点，按照哈尔斯塔特的 原型，建造了一座翻版小镇。建成开放后一度成为当地热门旅游景点。 评价仿建国外著名旅游景点的做法对当地旅游开发的影响。\n",
            "answer": "有利：降低开发设计难度，增加了旅游景观，丰富了当地旅游景观的类型，利用被仿景 点的知名度吸引游客；利于当地人们感受国外文化，吸引游客，扩大市场；并配套开发 其他旅游项目，创造经济效益，提高投资回报率。 不利：风景能够复制，而历史和文化却不能够复制，翻版景点没有“灵魂”，难以实现长 期效益；仿建景点耗资较大、引入外来文化等也会对当地旅游资源和原生文化的保护构 成损害。\n",
            "analysis": "【解答】解：有利影响，翻版小镇设计难度小；建成开放后一度成为当地热门旅游景点， 说明能带来巨大的经济效益，投资回报率高。 不利影响，缺乏创新，只是简单的复制，从长远上看，经济收益有限；而且投资大，如 果与当地的生态环境相悖，容易破坏当地的文化和旅游资源。\n",
            "score": 10,
            "index": 21
        },
        {
            "year": "2020",
            "category": "（新课标ii）",
            "question": "[地理--选修 6：环境保护]（10 分） 15．竹排江是南宁市主要的内河之一，由北向南贯穿市区，其上游河段叫那考河。20 世纪 90 年代开始，沿河养殖业兴起，大量污水和垃圾进入那考河，那考河一度变成“纳污河”。 从 2015 年起，当地政府按照海绵城市建设理念，实施了河道截污、河道生态、沿岸景观 工程以及污水厂建设等，由“点源治理”转变为“适度集中、就地处理、就地回用”的流域综合治理。如今那考河沿岸成为水清岸绿的滨江公园。 简述采用“适度集中、就地处理、就地回用”模式治理那考河污染的意义。\n",
            "answer": "节约治污成本；提高水的循环利用率；实现垃圾的无害化处理和资源化利用；有效减少 污染物入河；降低污染物的影响范围和强度（对下游的影响）；改善全流域的环境和城市 人居环境。\n",
            "analysis": "【解答】解：读材料可知，当地政府按照海绵城市建设理念，采取“适度集中、就地处 理”模式，实施河道截污与污水厂建设有效减少了污染物入河，降低了污染物对下游的 影响范围和强度，同时节省了治污成本；“就地回用”提高了水资源的循环利用率，实现 垃圾的无害化处理和资源化利用；流域综合治理中注重加强河道生态、沿岸景观工程建 设，能有效改善全流域的环境，使滨江公园成为水清岸绿的城市宜居环境。\n",
            "score": 10,
            "index": 22
        },
        {
            "year": "2020",
            "category": "（新课标i）",
            "question": "[地理--选修 3：旅游地理]（10 分）14．（10 分）景泰蓝制作是北京市地方传统技艺，已入选国家非物质文化遗产名录。近年来， 北京市某企业依托其景泰蓝艺术博物馆、景泰蓝制作技艺互动体验中心以及工厂店，在 夏秋季节每周五、周六 17 时至 22 时，举办“景泰蓝文化体验之夜”活动，吸引众多的 市民与游客前来观光和互动。 简述举办“景泰蓝文化体验之夜”活动的旅游价值。\n",
            "answer": "通过延长旅游活动时间，充分挖掘旅游项目与旅游产品的经济价值，增加旅游业收入； 带动交通、餐饮、购物等相关产业的发展，提供更多的就业岗位；丰富市民与游客的夜 间文化生活；增强市民与游客对景泰蓝技艺的了解，有利于（非物质文化遗产）景泰蓝 技艺的保护、传承与发展。\n",
            "analysis": "【解答】解：旅游资源，通过举办“景泰蓝文化体验之夜”活动，丰富了旅游资源，提 高了景泰蓝的知名度，提高了旅游资源的游览价值和经济价值；旅游业，带动景泰蓝旅 游业的发展，增加了旅游收入；文化传承上，增强了市民对景泰蓝文化的了解，有利于 传统文化的保护和传承；经济效益上，增加了游客的游览时间，带动相关产业如餐饮、 酒店等的发展，带动就业等。\n",
            "score": 10,
            "index": 23
        },
        {
            "year": "2021",
            "category": "（新课标i）",
            "question": "14. [地理——选修 3：旅游地理] 地处云南元阳哈尼梯田世界文化遗产核心区的阿者科村，保留着完好的梯田生态系统、 独特的哈尼传统民居和文化。曾经有的村民将传统民居出租给外地经营者，自己搬出村寨。 为了保护哈尼传统文化，改变贫困落后状况，2018 年某科研团队应当地政府邀请，经多方 调研和探索，提出阿者科村实行内源式村集体企业主导的开发模式：不租不售、不靠外来资 本介入；通过智力援助和当地政府支持，组织村民成立旅游发展公司，自我经营和管理，公 司收入归全村所有，村集体公司留成 30%，村民分红占 70%。村民分红按传统民居 40%、 梯田 30%、居住 20%、户籍 10%执行。 说明阿者科村实行村集体企业主导的旅游开发模式的优势。\n",
            "answer": "【答案】增加村民收入形式，利于提高村民收入，改善生活水平；减少人口外出，利于保护 梯田生态环境；保留传统民居、传统的生活方式有利于文化的传承；利于文化遗产的保护； 合理分配收益，兼顾公平和效率，减少矛盾，利于社会和谐；通过智力援助，提升村民的文 化水平和技能。\n",
            "analysis": "【解析】 【分析】本题以哈尼梯田内源式村集体企业开发模式考查旅游资源开发的意义。 【详解】集体企业主导的旅游开发模式的优势主要从经济、社会、生态等方面分析；根据材 料原开发模式村民将民居出租给外地经营者，自己搬出村寨，导致本地居民减少，收入较为单一，原来的梯田可能撂荒，从而导致生态环境的破坏，村民收入较为单一；新的开发模式 村民收入有民居、梯田等，收入形式多样，村民收入较高，利于改善生活水平；减少人口外 迁，保留原有传统生产和生活方式，有利于文化遗产的保护，也有利于梯田生态环境的保护； 智力援助，有利于提高村民的文化水平和技能；分配比例村民分红按传统民居 40%、梯田 30%、居住 20%、户籍 10%兼顾了公平和效率，有利于减少社会矛盾。\n",
            "score": 10,
            "index": 24
        },
        {
            "year": "2022",
            "category": "（全国乙卷）",
            "question": "呼伦贝尔草原牧草以禾本科牧草为主,伴生优质豆科牧草,两类牧草对生长空间的竞争 激烈。这里土壤氮素含量低,限制了禾本科牧草的生长,但对豆科牧草的生长影响较弱。21 世 纪初,在草原公路两侧几千米甚至十几千米的范围内,汽车尾气导致的氮化物沉降,增加了土 壤氮素含量,影响牧草生长。 说明汽车尾气导致的氮沉降对呼伦贝尔草原公路两侧牧草的影响。\n",
            "answer": "【答案】氮素含量增加，不再成为当地土壤牧草生长的主要限制性因素，禾本科牧草能够获 得相对充足的氮素供应，长势改善，能竞争到更多的生长空间，覆盖度和多样性提高；豆科 牧草在种间竞争中的优势减弱，部分资源被禾本科牧草侵占，覆盖度和多样性减小。总体上， 群落结构改变，多样性增大，但优质的豆科牧草减少，杂类草增加。\n",
            "analysis": "【解析】 【分析】本题以呼伦贝尔草原牧草生长为材料设置考题，涉及环境保护的相关内容，考查学 生的信息获取能力以及对环境保护知识的理解。 【详解】汽车尾气中含有氮化物，导致的氮沉降物进入土壤，增加了土壤中氮素的含量，使 禾本科牧草获得了充足的氮素，有更大的生长空间，长势迅速，得到改善。而对于豆科牧草 来说，氮素的增加使其在竞争中失去优势，禾本科牧草的长势改善又使其多样性减少，覆盖 度降低。总体而言，氮素增多，两侧牧草地多样性增大，但豆科牧草的减少，使禾本科牧草 等杂草类增多\n",
            "score": 10,
            "index": 25
        },
        {
            "year": "2022",
            "category": "（全国甲卷）",
            "question": "位于陕西省安康市汉阴县的凤堰古梯田，是目前已发现的秦巴山区面积最大、保存最完整的清代梯田。 在总面积约 800 公顷的古梯田保护区内，分布有自清乾隆年间以来修建的古建筑民居群落、古寨堡、古庙 宇、古堰渠、古塘坝等文物遗存。2019 年，凤堰古梯田被列为全国重点文物保护单位。以古梯田为“展品”， 以秀美的自然风光为“展厅”，凤堰古梯田被打造成保护和展示原生态生活方式、促进村镇科学发展的开 放式“生态博物馆”。 提出该开放式“生态博物馆”开展旅游活动的旅游资源保护措施。\n",
            "answer": "【答案】完善景区规划、依法保护生态环境，对古建筑等进行保护性修缮，尽可能保证新建设施与景区景 观相融合。倡导绿色旅游，普及旅游文化环境保护教育，提高游客对旅游资源环境保护的意识。制定景区 相关环境保护条例与惩罚制度，评定该“生态博物馆”的环境容量，对人口数量的容纳程度，限制客流量。\n",
            "analysis": "【解析】 【分析】本题以陕西凤堰古梯田为材料设置试题，涉及旅游资源保护相关内容，考查学生综合思维、人地 协调观的地理核心素养。 【详解】据材料可知，凤堰古梯田被列为全国重点文物保护单位，具有深厚的历史文化价值，对古建筑进 行保护性修缮，不仅使其历史文化价值得到最大的保护和展现，也可以让游客深刻领略到古文化的独特魅 力。开放式“生态博物馆”的开展，更加需要景区重视生态环境的保护，以及对客流量的掌握。绿色旅游也是 我们一直倡导的理念，普及环境保护相关教育，提升游客对环境保护的认知，对于开放式的旅游活动是非 常有必要的。\n",
            "score": 10,
            "index": 26
        },
        {
            "year": "2022",
            "category": "（全国甲卷）",
            "question": "15. 【地理一选修 6：环境保护】 多氯联苯曾被广泛使用，进入环境后难以降解，被公认为环境污染的元凶之一。美国于 1929 年最先使 用，1978 年禁用。时至今日，美国某湖虽然鱼类丰富，但由于存在多氯联苯污染，湖边仍立着“不建议食 用鱼类”的警示牌。 为分析该湖鱼类体内多氯联苯的来源，列出应采集的样品种类及采样点的位置，并说明理由。\n",
            "answer": "【答案】来源：工业直接排放、流域内地表和地下径流将污染物带入湖中，长期难以降解、以及食物链的 富集。 样品种类与位置：流域内土壤、注入湖泊的地表水、地下水、湖底淤泥、湖泊食物链中各级生物体内样本 以及湖泊水、下游河水、入海口处等。 原因：多氯联苯曾经广泛使用并污染，并且难以降解。除了直接污染湖水外，土壤中的污染物也有可能迁 移带到湖中，经由食物链逐渐富集。也有可能随着湖泊出水口，将污染物排放至下游河流和海洋当中。\n",
            "analysis": "【解析】 【分析】本题以环境污染、多氯联苯为材料设置试题，涉及环境保护相关内容，考查学生区域认知、综合 思维的地理核心素养。 【详解】多氯联苯属于持久性有机污染物的一类，难溶于水，极难在大自然中自行分解，除此之外，对人 类身体也有很大影响，2017 年被世卫组织归于一类致癌物清单中。焚烧法被认为是目前对多氯联苯最好的 处理方法，但必须在专用的焚烧炉内进行，不能随便燃烧。多氯联苯多用于电力设备，如电容器、变压器 等，被工业生产排放。并且其可通过多种环境介质进行长距离动态迁移，如水、土壤等。\n",
            "score": 10,
            "index": 27
        }
    ]
}